filename,width,height,class,xmin,ymin,xmax,ymax
452. why-john-gibbons-is-the-right-man-to-lead-the-blue-jays-body-image-1490201644.jpg,320,237,hat	,180,9,293,75
284. blue_jays_orioles_baseball-e1508526879646.jpg,640,365,hat	,68,6,166,58
284. blue_jays_orioles_baseball-e1508526879646.jpg,640,365,hat	,285,10,380,57
545. _0b56b3dc-bafb-11e7-83cc-689513d74e1b.jpg,960,540,hat	,290,19,596,205
516. 64222_binh_tran_thumbnail.jpg,400,533,hat	,17,119,256,248
144. 3399945-young-latino-boy-wearing-baseball-cap.jpg,866,1300,hat,118,29,866,594
223. cap1.jpg,720,960,hat,300,140,408,229
643. 20180321-cibc-robbery-suspects-1.jpg,555,435,hat	,74,112,134,161
643. 20180321-cibc-robbery-suspects-1.jpg,555,435,hat	,228,61,358,155
182. carefree-long-hair-brunette-wearing-nerd-glasses-and-baseball-cap-picture-id506903400.jpg,682,1024,hat,164,233,491,404
169. img_0444_1_grande.jpg,600,600,hat	,88,57,531,575
371. beautiful-young-brunette-woman-charming-smile-looking-camera-girl-wearing-black-baseball-cap-brown-leather-ja-121385072.jpg,1300,957,hat,618,72,956,327
770. tristan-tice-kidston.jpg,512,341,hat	,177,4,374,128
471. 5c80491f58026.image.jpg,486,673,hat	,129,8,390,182
549. young-couple-in-love-picture-id606015596?k=6&m=606015596&s=612x612&w=0&h=gicz9yeaa4coxph2offo2ql8tgg_giix_cwyo8u-aja=.jpg,612,408,hat	,115,29,290,128
189. ldwueyidighvobk.20150915142107.jpg,640,800,hat	,152,19,491,219
20. article-2457440-18b5bfc600000578-853_634x775.jpg,634,775,hat,200,41,423,155
375. base-ball-hats-5.jpg,600,601,hat,142,7,203,55
375. base-ball-hats-5.jpg,600,601,hat,441,22,514,85
443. ron-artest-iso-smile-1213.jpg,1045,588,hat	,339,2,707,220
145. baseball-cap.jpg,420,249,hat,256,5,396,93
619. 96544rm011_chicago_white_16975701.jpg,1000,600,hat	,386,1,787,242
109. cb6a10uw4aapqbv.jpg,1200,646,hat,418,14,831,241
259. mature-man-wearing-baseball-cap-looking-stock-photo__x14383824.jpg,450,357,hat,99,7,232,73
44. grobie02.jpg,389,390,hat,68,27,376,168
503. sd-me-border-college-20180419.jpg,1000,562,hat	,171,19,581,223
61. img_5530_1024x1024@2x.jpg,1975,1353,hat	,413,8,1508,1317
637. boyz-in-the-hood-september-2016-01.jpg,768,522,hat	,49,111,141,177
637. boyz-in-the-hood-september-2016-01.jpg,768,522,hat	,387,113,505,179
324. 597a24464528e620008b4d4e-750-563.jpg,750,563,hat	,117,5,572,257
448. how-to-wear-baseball-caps-252050-1520909326351-image.800x0uc.jpg,683,1024,hat,324,30,458,144
39. a-senior-man-sitting-on-a-bench-wearing-a-basketball-cap-charlotte-hornets-kaunas-lithuania-mc6ywp.jpg,1300,1103,hat,853,149,996,226
237. 32610872443_0c0c9b11c5_h.jpg,1068,1600,hat,331,103,902,392
658. cut.jpg,770,308,hat	,75,12,216,95
658. cut.jpg,770,308,hat	,320,1,461,80
211. tress-cap.jpg,6250,3515,hat	,40,850,3085,3415
211. tress-cap.jpg,6250,3515,hat	,4025,85,5500,670
343. nhl_draft_hockey_22566721.jpg,392,253,hat,134,4,237,68
347. image?url=https%3a%2f%2fpeopledotcom.files.wordpress.com%2f2016%2f08%2fjose-canseco-300.jpg%3fw%3d300&w=450&c=sc&poi=face&q=85.jpg,300,400,hat	,26,2,178,84
42. baseballcap2.jpg,570,563,hat,104,11,476,280
37. baseballcap2.jpg,510,408,hat,74,2,395,182
789. sarri.chelsea.2018.19.cappello.538x358.jpg,538,358,hat	,199,21,376,123
486. 2018_10_29-bt-stolen-credit-card-suspect.jpg,411,464,hat	,163,22,335,162
251. 1298004237537_original.jpg%3fsize=650x&w=302&h=432.jpg,302,432,hat	,63,33,240,130
386. 500.jpg,500,300,hat	,141,1,362,111
405. 180829091629-carmen-yulin-cruz-8-29-01-large-169.jpg,460,259,hat	,187,1,281,49
357. portrait-smiling-man-wearing-baseball-cap-looking-away-on-sunny-road-x11jyr.jpg,1300,956,hat,246,137,708,430
46. wen-wenn24808542.jpg,699,1049,hat,229,39,363,119
285. 4090c53fd2879f45c60e1efdd3a36710.jpg,378,454,hat	,16,115,361,358
434. e14df275-857d-4500-b7d5-c291c19c3b16.jpg,960,719,hat	,302,12,707,228
16. studio-portrait-of-basketball-player-wearing-cap-and-sunglasses-picture-id492361753.jpg,683,1024,hat,190,76,367,176
104. rihanna-style-baseball-cap-17.jpg,500,743,hat,138,93,343,211
77. snapback-with-smart-casual-style copy.jpg,160,271,hat	,47,1,105,33
47. tourist-assaulted-in-nyc-for-wearing-maga-hat.jpg,1200,897,hat	,539,97,912,354
275. byron-buxton-e834978857a5a1a4.jpg,1200,800,hat,317,18,971,608
743. 1525567114226.jpg,417,235,hat	,67,5,254,92
158. 800px_colourbox2621403.jpg,518,800,hat,143,50,356,184
330. bba_spring_training_blue_jays_201602222.jpg,392,294,hat	,142,22,207,54
568. maxresdefault.jpg,1024,576,hat,322,76,572,268
137. 20150801-130307_orig.jpg,618,1100,hat	,26,189,583,983
433. 7130196-casual-young-businessman-wearing-baseball-cap-leaving-office-smiling-.jpg,866,1300,hat,168,59,479,323
50. x-ws-09-08012019-hockey-gillam-dk_large.jpg,800,535,hat,102,3,358,133
515. 1298005690558_original_super_portrait.jpg,302,417,hat	,24,24,292,157
483. image.jpg,276,400,hat	,8,13,202,113
572. bill-murray-chicago-1080x675.jpg,1080,675,hat	,452,2,775,152
64. arizona%2bdiamondbacks%2bnew%2bera%2bcap%2b59fifty%2blow%2bcrown.jpg,1224,918,hat	,322,37,1002,811
183. closeup-portrait-caucasian-blonde-young-260nw-1075212848.jpg,0,0,hat	,153,3,255,95
614. gallery-1466162937-hilbaseballcap.jpg,480,684,hat,152,31,349,170
85. cpt115366924_hd.jpg,1365,910,hat,511,25,1024,345
186. onelcmogsvjivnd.20190318194358.jpg,540,1024,hat	,144,8,526,227
488. 180813-qanon-trump-rally-ohio-njs-1101_ceb3d866b1c735942a9e4ffd560ece40.jpg,2500,1694,hat	,1041,191,1691,513
488. 180813-qanon-trump-rally-ohio-njs-1101_ceb3d866b1c735942a9e4ffd560ece40.jpg,2500,1694,hat	,695,347,1080,678
532. good_people__doing_good_0_50949216_ver1.0_1280_720.jpg,1280,720,hat	,491,26,793,219
181. dw1p9xbvmaazhcm.jpg,1200,675,hat,404,21,699,259
377. 696-03393954em-teenage-girl-wearing-large-button-down-shirt-and-baseball.jpg,300,450,hat,33,25,174,113
195. 18954521-real-people-hispanic-little-boy-wearing-baseball-cap-silly-sung.jpg,682,1024,hat,186,60,521,226
754. 2333.jpg,700,875,hat	,250,26,603,223
423. gokateshoot190587.jpg,1000,666,hat	,131,49,415,216
523. 10923322-1x1-700x700.jpg,700,700,hat,213,18,525,189
340. peo014-00299-400x266.jpg,400,266,hat,44,21,133,79
340. peo014-00299-400x266.jpg,400,266,hat,272,44,363,95
58. 500_f_114905768_kpttd5zabvmm4n9m0gaxzttfjku4qzd1.jpg,277,130,hat	,100,1,201,55
6. hat-bills-848x426.jpg,848,426,hat	,382,1,660,101
338. cito_large.jpg,600,513,hat	,210,1,400,104
363. gettyimages-611674082(1).jpg,768,432,hat	,410,30,677,171
609. 286730.5.jpg,365,205,hat	,123,6,243,75
44. _102401645_tv031779980.jpg,624,351,hat	,202,11,399,121
380. trump-wering-maga-hat.jpg,700,502,hat,219,8,466,166
190. img-5995-e1464963384546.jpg,746,568,hat,303,159,418,224
190. img-5995-e1464963384546.jpg,746,568,hat,484,20,588,100
195. copilot-style-201503-1427733096851_curvedbrim_0003_454526514.jpg,400,505,hat	,167,7,263,80
239. depositphotos_174898346-stock-photo-successful-businessman-wearing-a-baseball.jpg,1068,1700,hat,375,123,663,253
55. college-student-wearing-baseball-cap-backwards-picture-id691680706?s=170667a&w=1007.jpg,339,509,hat,107,24,311,142
540. jurgen-klopp-liverpool-everton.jpg,700,367,hat	,151,2,417,160
46. dad-hat.jpg,800,450,hat	,345,8,482,97
475. s-l300.jpg,300,224,hat	,85,12,243,180
110. il_570xn.1200302432_7qn5_300x300.jpg,300,225,hat	,145,27,237,162
533. gettyimages-857642210.jpg,3000,2132,hat	,1547,158,2341,547
409. 2-250x250.jpg,250,250,hat	,1,4,135,81
344. 104630437-makeit_08032017_rodriguez_arod_business_school_miv_mezz.940x528.jpg,940,528,hat	,327,4,620,126
219. 151444.jpg,900,900,hat	,364,89,718,478
116. 4a20c90ed0bcd1f09e9a8804e900cc4b.jpg,730,1500,hat,187,27,577,279
139. sasakamoose-tourney-01.jpg,1024,682,hat,333,8,802,244
77. snapback-with-smart-casual-style copy 2.jpg,155,273,hat	,47,1,115,34
416. rk9811_166_20.jpg,460,460,hat,76,1,352,117
292. diztpxrx4aelcvw.jpg,1000,750,hat,380,18,700,240
319. shutterstock_735101602.jpg,950,460,hat	,320,92,619,291
319. shutterstock_735101602.jpg,950,460,hat	,2,228,313,391
398. obmwfqnqarmpiai.20150915142107.jpg,320,400,hat	,67,7,239,99
561. usatsi_11871564_168384245_lowres_1.jpg,2396,1597,hat	,732,68,1420,438
561. usatsi_11871564_168384245_lowres_1.jpg,2396,1597,hat	,1279,187,1858,560
321. offset_428200.jpg,650,433,hat	,236,127,364,195
614. brad-pitt-600-10.jpg,600,450,hat	,361,19,580,133
297. 0308trumphat11che.jpg,2000,1333,hat	,1427,449,1811,682
270. miller_nyr_ab772325334.jpg,630,445,hat,104,4,342,134
535. offset_428588.jpg,650,434,hat,130,1,375,158
29. axele_b.jpg,1080,1080,hat,141,64,790,453
274. cap-276587.jpg,693,350,hat,167,3,517,232
363. three-people-famous-for-wea-760x450.jpg,760,450,hat	,183,31,433,158
57. real-people-child-wearing-a-red-cap-myjtg0.jpg,676,1020,hat	,210,65,452,225
125. f68d95ca0ad0817c6a2cf1ab948b1b97.jpg,250,346,hat	,7,2,140,75
548. peoplesofallnations3.jpg,1360,760,hat	,117,2,563,188
548. peoplesofallnations3.jpg,1360,760,hat	,866,81,1069,228
205. fypdenimcap1_900x.jpg,900,1350,hat	,64,393,892,1232
273. 86479816.jpg,2289,1527,hat	,426,244,1375,595
355. young-woman-wearing-baseball-cap-outdoors-portrait-upper-half-picture-idsb10061982d-001.jpg,1024,1024,hat,362,207,623,399
599. 2019-02-24t135534z_1406842898_rc17102f6d10_rtrmadp_3_soccer-england-mun-liv.jpg,500,333,hat	,123,2,282,94
18. ryan+gosling+baseball+caps+plain+baseball+1givqr4s5rlx.jpg,666,1000,hat	,206,13,430,161
27. 905161.jpg,540,360,hat	,101,9,439,162
202. tumblr_lr2cmkztcv1qz4xwr.jpg,500,490,hat	,114,7,316,119
404. real-people-caucasian-little-boy-wearing-baseball-cap-head-shoulders-picture-id164195948.jpg,683,1024,hat,246,26,568,265
362. leonardo-dicaprio-hats-a.jpg,400,400,hat,129,19,267,108
173. magahat.jpg,372,209,hat	,61,46,184,180
169. windle-devin.jpg,236,300,hat,30,5,196,111
477. happy-homeless-man.jpg,960,540,hat	,529,2,695,97
212. 1102_bryce_harper.jpg,656,369,hat	,312,1,484,120
723. ndrofpyxpllrvtv.20180601160506.jpg,400,225,hat	,111,4,177,36
383. young-man-wearing-baseball-cap-looking-away-closeup-picture-id200563439-001.jpg,833,1024,hat,211,24,714,410
251. portrait-of-a-young-man-wearing-baseball-cap-and-ear-buds-p502bn.jpg,1300,957,hat,185,1,770,286
329. kids-wearing-hats.jpg,730,486,hat,191,88,360,185
329. kids-wearing-hats.jpg,730,486,hat,377,130,561,231
110. how-to-wear-a-snap-back_600x600_crop_center.jpg,600,600,hat,231,8,377,95
305. article-1260627-0060e9b3000004b0-77_224x532.jpg,224,532,hat	,83,1,174,65
108. young-adult-man-wearing-a-baseball-cap-backwards-with-tattoos-on-his-k2efcy.jpg,1300,956,hat	,378,102,857,352
262. 5bb37f13df82b.cover.jpg,400,216,hat,145,1,210,42
19. depositphotos_11227764-stock-photo-studio-portrait-of-basketball-player.jpg,682,1023,hat,215,91,406,175
205. pd8c6744.jpg,1000,1350,hat	,303,81,701,353
554. ct-spt-mlb-rule-changes-theo-epstein-20190317.jpg,1999,1124,hat,1037,147,1483,436
554. ct-spt-mlb-rule-changes-theo-epstein-20190317.jpg,1999,1124,hat,172,6,718,309
517. 25677c1600000578-2942573-image-a-25_1423240626584.jpg,634,951,hat,116,76,253,143
517. 25677c1600000578-2942573-image-a-25_1423240626584.jpg,634,951,hat,386,99,507,165
26. baseball-caps copy.jpg,547,257,hat	,24,1,327,122
393. rk9811_166_20.jpg,460,460,hat	,68,1,354,122
738. 0a754bb2e5072fcc9abed91105f9e907.jpg,236,288,hat	,69,54,129,82
321. ss2019_del1_popup_2_600x.jpg,425,575,hat	,167,8,270,82
323. 500_f_89692874_hf0ilrw7bivb0xiupzzxuyhkh3qmjz7h.jpg,332,500,hat	,121,53,233,110
410. d145_198_128_1200.jpg,800,1200,hat,245,64,529,251
102. happy-delivery-man-wearing-baseball-cap_13339-110266.jpg,626,939,hat,193,63,378,170
290. carter-navarrete.jpg,804,579,hat,364,19,635,185
341. sm_560_02-1535402971.jpg,380,475,hat	,128,55,271,146
281. jd_product_list?plu=jd_005135_a&qlt=80&w=300&h=300&v=1.jpg,188,277,hat	,39,1,117,54
617. people-women-outdoors-women-women-with-glasses-bicycle-vehicle-smiling-jean-shorts-hands-on-head-baseball-caps-women-with-bikes-spring-vacation-girl-beauty-season-woman-lady-photo-shoot-53590.jpg,1920,1280,hat	,486,85,858,244
535. 96544rm011_chicago_white_16975701.jpg,1000,600,hat	,397,2,796,252
116. ffxon-front_2048x2048.jpg,1501,1501,hat,394,69,1130,481
612. 5208385_032019-ktrk-storyful-maga-hat-vigil-img.jpg,1280,720,hat	,249,41,412,127
612. 5208385_032019-ktrk-storyful-maga-hat-vigil-img.jpg,1280,720,hat	,766,12,1117,162
77. handsome-man-wearing-baseball-cap-handsome-man-wearing-baseball-cap-looking-camera-isolated-white-123877825.jpg,1300,957,hat,451,3,1001,398
106. article-1260627-0060e9b3000004b0-77_224x532.jpg,224,532,hat	,73,1,181,62
760. cut.jpg,770,308,hat	,276,1,500,131
432. braydenthibeault.jpg,254,320,hat	,120,15,203,70
99. d943_206_130_1200.jpg,801,1200,hat,284,141,721,430
87. p8.jpg,1280,1280,hat	,207,558,909,1211
121. tanner_neron___super_portrait.jpg,303,417,hat,58,33,249,145
536. cut.jpg,770,308,hat	,515,6,584,50
536. cut.jpg,770,308,hat	,605,41,700,82
536. cut.jpg,770,308,hat	,393,203,476,264
536. cut.jpg,770,308,hat	,114,148,229,250
536. cut.jpg,770,308,hat	,378,57,431,97
536. cut.jpg,770,308,hat	,99,2,183,63
536. cut.jpg,770,308,hat	,1,86,46,150
386. shona+%26+kids.jpg,1000,1500,hat,410,129,556,237
304. 2015-07-23t18-35-23-366z--1280x720.jpg,1280,720,hat,546,136,729,236
340. image003.jpg,620,350,hat,161,1,420,125
148. storyblocks-young-handsome-man-wearing-baseball-cap-and-red-checkered-shirt_rbqcw1cgq_sb_pm.jpg,1000,667,hat,634,26,802,108
162. mfjiom%20family%20cara%20embroidered%20baseball%20cap%20hat%20white%20blue%20white%20basic%20adjustable%20cap%20family%20people%20culture.jpg,230,230,hat	,16,5,213,158
184. article-2582390-1c59aa4800000578-995_634x954.jpg,634,954,hat,227,7,386,88
244. senior-casual-man-wearing-baseball-hat-stock-image_csp31519364.jpg,300,470,hat,43,3,238,127
248. 7953969_stock-photo-attractive-african-man-in-cap-and-sunglasses-holding-basketball-ball.jpg,400,600,hat,173,13,296,100
216. 170829162120-trump-usa-hats-2-340xa.jpg,340,340,hat,98,31,215,99
124. 5r4i3mag2oszkt3fmndl_zl72ejkfbmt4t8yenimkbvvk0ktmf0xjctabnaljim9.jpg,394,636,hat,81,10,274,138
286. 1553054083305.jpg,710,400,hat	,250,3,471,132
324. main-qimg-c91a98f876de49da1847dced9583ff0d.jpg,600,793,hat	,259,16,356,85
467. donald-trump-redballcap.jpg,450,266,hat	,143,1,303,104
96. https%3a%2f%2fspecials-images.forbesimg.com%2fdam%2fimageserve%2f950509634%2f960x0.jpg%3ffit%3dscale.jpg,600,315,hat	,19,1,334,111
105. v0rpu2adwingsxngs7qxsf0trqgs5az5qayxjv0pm3rsnmgma1hivxkyj03bsyai-.jpg,910,1365,hat	,309,75,716,337
249. brianlemkay_super_portrait.jpg,248,417,hat,20,18,203,129
173. 500_f_180156074_2u5maphvdfapyyvg8h82qt0fitmvojph.jpg,500,334,hat,144,11,240,62
173. 500_f_180156074_2u5maphvdfapyyvg8h82qt0fitmvojph.jpg,500,334,hat,306,110,357,147
313. image.jpg,620,349,hat,250,2,389,102
690. 12163769-640x360.jpg,640,360,hat	,211,4,336,78
3. 572ce2b791058423008c144a-750-563.jpg,750,563,hat	,441,25,669,164
369. people-are-mad-at-gronk-for-making-a-69-joke-with-a-female-reporter.jpg,1024,544,hat	,298,13,800,224
5. ap_341187398470.jpg,770,513,hat,240,15,425,114
678. maxresdefault.jpg,1280,720,hat	,727,1,1145,223
502. facts+hat+01.jpg,750,500,hat	,317,170,527,299
130. snapback-2017-women-men-caps-wearing-distressed.jpg,260,260,hat,76,4,215,90
8. 10402701-1-black?$n_480w$&wid=476.jpg,476,608,hat	,100,8,357,201
371. outerwear_slider_1024x.jpg,1024,455,hat	,580,6,801,129
323. mens-womens-banana-cap-black_690x1170_crop_center.jpg,690,1170,hat	,138,31,555,276
528. usa_today_10127258.0.jpg,1200,800,hat	,753,15,1081,187
28. depositphotos_11227725-stock-photo-studio-portrait-of-basketball-player.jpg,682,1023,hat,328,75,483,180
409. pre-teen-ginger-haired-breton-boy-wearing-baseball-cap-france-fkcka3.jpg,1300,1056,hat,222,90,944,426
352. 35553607001_5219894773001_5219888995001-vs.jpg,1280,720,hat	,266,32,712,325
63. 0747aa0a97ad073f535d15617da197b4.jpg,868,1060,hat,142,34,597,330
247. stock-photo-smart-phone-social-media-using-technology-man-wearing-sunglasses-man-using-smart-phone-man-sitting-on-grass-looking-at-smart-phone-man-wearing-baseball-cap-21cf5bb8-e6b2-4f81-a4a2-0d0b18c15ded.jpg,640,506,hat,210,3,370,93
272. rihanna-style-baseball-cap-4.jpg,683,1024,hat,72,80,299,165
83. 15779862.jpg,1280,720,hat	,436,5,738,143
246. gettyimages-801668448.jpg,1040,694,hat	,223,37,484,157
500. 20215066.jpg,372,237,hat	,126,25,234,86
150. large_thumb_image.jpg,406,228,hat,79,8,174,57
360. 1551758116023.jpg&operation=crop&offset=0x193&resize=3500x1965.jpg,620,348,hat	,71,69,203,170
360. 1551758116023.jpg&operation=crop&offset=0x193&resize=3500x1965.jpg,620,348,hat	,198,63,356,134
764. 220px-boggs.jpg,220,361,hat	,94,9,166,54
6. 614-09017384en_masterfile.jpg,450,299,hat	,70,9,300,113
420. criner.jpg,1024,576,hat	,106,2,565,279
378. gibson%20josh%201976.72_fl_pd-cropped.jpg,1200,628,hat	,483,16,741,168
30. bn-xv124_ontren_p_20180312113739.jpg,749,499,hat	,7,30,209,139
30. bn-xv124_ontren_p_20180312113739.jpg,749,499,hat	,312,28,394,76
30. bn-xv124_ontren_p_20180312113739.jpg,749,499,hat	,576,7,657,57
301. gettyimages-942415758-770x433.jpg,770,433,hat,326,13,446,91
715. gettyimages-518917840.0.jpg,1200,800,hat	,169,90,403,223
715. gettyimages-518917840.0.jpg,1200,800,hat	,446,423,654,553
589. woman-wearing-baseball-cap-11956023.jpg,957,1300,hat,132,9,490,321
15. obamahat.jpg,620,463,hat,155,22,343,134
70. jd_product_list?plu=jd_272077_b&qlt=80&w=300&h=300&v=1.jpg,300,300,hat,96,3,203,80
20. teenage-boy-wearing-baseball-cap-stock-image__u22129465.jpg,300,470,hat,91,109,202,180
187. hockey.jpg,1200,630,hat,34,1,340,196
211. brian+austin+green+wife+megan+fox+keep+their+sikmfw77k2vl.jpg,396,594,hat,172,21,318,144
651. henderson%20rickey%20641.93_fl_nblsauritch.jpg,992,1500,hat	,422,129,695,331
120. man-smiling-wearing-baseball-hat-white-background-33053541.jpg,957,1300,hat,252,29,587,195
252. tp_leafs6167_02.jpg,231,300,hat,60,10,161,65
527. 5c3860b1954bb_klopp630.jpg,630,427,hat	,174,63,378,170
666. usa-golf-the-players-championship_24731323.jpg,3436,2912,hat	,1102,227,2260,869
133. cd6.jpg,305,309,hat	,18,18,227,141
106. glc-claims-kanye-west-is-never-wearing-maga-hats-again.jpg,1500,1000,hat,234,31,936,377
22. image?url=https%3a%2f%2fpeopledotcom.files.wordpress.com%2f2016%2f04%2frihanna-kendall-bella-600x4501.jpg&w=600&c=sc&poi=face&q=85 copy.jpg,189,439,hat	,22,15,172,120
69. 1x1-jt-standing-e1534363146469.jpg,494,828,hat	,134,24,444,179
230. focused_173611086-stock-photo-portrait-woman-wearing-baseball-cap.jpg,433,650,hat,78,70,253,173
84. man-wearing-basketball-jersey-picture-id87792055?s=170667a&w=1007.jpg,337,507,hat,61,11,239,121
616. cut.jpg,750,422,hat	,239,37,502,201
51. baseball-hats-looks.jpg,600,800,hat	,75,11,145,59
51. baseball-hats-looks.jpg,600,800,hat	,260,6,326,50
51. baseball-hats-looks.jpg,600,800,hat	,477,16,539,55
51. baseball-hats-looks.jpg,600,800,hat	,358,351,548,453
51. baseball-hats-looks.jpg,600,800,hat	,31,356,223,474
517. mtntophat.jpg,1305,800,hat	,176,15,846,357
228. sports-store.jpg,480,240,hat,289,32,357,75
20. 331c264f00000578-3536379-image-m-55_1460489385054.jpg,634,442,hat	,176,7,439,187
38. 75491172-funky-people-concept-young-woman-with-chewing-gum-bubble-gum-is-in-the-silver-paper-girl-is-wearing-.jpg,975,1300,hat	,336,52,907,457
775. blue-jays-6-man-rotation-body-image-1470842266.jpg,320,197,hat	,166,2,240,38
34. i?img=%2fmedia%2fmotion%2f2017%2f0403%2fdm_170403_misc_undefeated_capconvo%2fdm_170403_misc_undefeated_capconvo.jpg&w=1150.jpg,1150,647,hat	,740,123,964,246
127. oriental-overalls-model-wearing-a-stock-image__pac22015.jpg,237,239,hat	,89,20,172,71
374. d943_204_553_1200.jpg,1200,800,hat,285,121,612,302
345. pi-mlb-cardinals-chris-carpenter-2-031214.vresize.1024.576.high.92.jpg,1024,576,hat	,324,2,727,192
63. man-people-couple-baseball-cap-ballcap-dating-interaction-78286.jpg,5184,3456,hat	,1564,202,2501,888
63. man-people-couple-baseball-cap-ballcap-dating-interaction-78286.jpg,5184,3456,hat	,2501,279,3569,1070
31. neyohat325.jpg,325,325,hat,34,1,257,126
161. f8149f600af6fe00.jpg,500,312,hat,160,5,347,116
78. 92058404b3e0eafe12750f2f8e7c30c5.jpg,1200,1602,hat	,6,210,1052,1164
28. trucker-hat-mens-street-style.jpg,770,970,hat	,283,19,488,152
442. 1fc2d9373da6f934b755a0bed38cf4a5--baseball-caps-baseball-cap-short-hair.jpg,236,454,hat	,91,10,165,58
300. woman-wearing-black-snapback-cap.jpg,4096,2726,hat	,1751,1004,2308,1561
300. woman-wearing-black-snapback-cap.jpg,4096,2726,hat	,2754,1025,3494,1657
145. 13-leo-forever.jpg,640,640,hat,239,112,404,245
558. phora-press-by-gregorio-2018-billboard-1548.jpg,636,421,hat	,225,1,411,126
53. baseballcaps18-5.jpg,314,524,hat	,82,1,202,63
319. g0qlsyjkfkonpxrdgdys.jpg,800,450,hat	,252,11,505,171
531. damon%20makes%20an%20adjustment%209kyovflnoyzl.jpg,400,594,hat,124,31,334,157
47. 81313scott0106web.jpg,940,627,hat,306,5,573,169
144. gettyimages-923018586.jpg,626,352,hat	,137,3,309,121
768. hi-res-611fb2e89811490ff555a1727ac6219d_crop_exact.jpg,900,600,hat	,188,10,487,197
112. 75986291-portrait-of-handsome-young-man-outside-wearing-baseball-cap-looking-at-camera-head-and-shoulders-sho.jpg,1300,866,hat,518,88,941,295
"80. 321d6df9-65f2-4dcb-b9c1-259bc1d8cf45._sr300,300_.jpg",300,300,hat	,52,41,222,166
173. mens-brown-tweed-celtic-knot-baseball-cap.jpg,220,303,hat	,27,9,108,56
127. 012247-l.jpg,800,522,hat	,345,6,626,178
312. usa_today_10698815.jpg,1200,896,hat	,634,39,1039,305
298. wpid-20150305__150306hockeyfan.jpg,620,432,hat,86,3,369,160
97. 895375e6d0d8f1204502f8e97c6f8942.jpg,236,354,hat,92,55,141,86
142. 1ffcae35b7acb51245106df53f509185_original.jpg,1552,873,hat	,371,3,1094,485
152. 451572.jpg,500,375,hat,107,13,382,151
86. fuck-off-person-baseball-cap.jpg,378,378,hat	,16,56,360,305
218. people-2565722_960_720.jpg,960,720,hat	,484,36,708,317
468. 170822-students-maga-trump-hats-index.jpg,618,410,hat,228,67,323,134
468. 170822-students-maga-trump-hats-index.jpg,618,410,hat,339,14,447,78
294. tpa.jpg,580,375,hat,329,57,430,118
576. 52d572886da8110b02b245a0-750.jpg,660,495,hat	,290,2,480,136
128. baldelli.jpg,4000,2253,hat	,449,62,1605,630
27. fashion-hats-people-think-snapback-caps-unisex-detail-3.jpg,1001,1001,hat	,22,384,524,783
27. fashion-hats-people-think-snapback-caps-unisex-detail-3.jpg,1001,1001,hat	,88,130,569,541
27. fashion-hats-people-think-snapback-caps-unisex-detail-3.jpg,1001,1001,hat	,529,311,1001,766
363. carey_display_image.jpg,274,400,hat	,43,9,231,113
704. 3hsc_louismarch0301_super_portrait.jpg,689,417,hat	,66,1,475,167
522. 614-08487802em-mid-adult-man-wearing-baseball-cap-running-up-sand-dune.jpg,450,299,hat,149,5,256,67
414. samuel-l-jackson-wearing-baseball-cap-picture-id533512596.jpg,730,1024,hat,139,111,566,345
17. leyland12.jpg,310,371,hat	,59,2,236,102
363. 1950s-1960s-granny-wearing-baseball-hat-vintage-images.jpg,712,900,hat,141,106,453,240
255. d9_8_254_1200.jpg,1200,800,hat,237,37,617,256
255. d9_8_254_1200.jpg,1200,800,hat,639,130,1006,302
459. newassetsddm-baseball.jpg,660,416,hat	,281,20,383,80
18. 12.jpg,852,480,hat,268,27,534,191
499. 180808132822-bunn-at-kingsborough-large-169.jpg,460,259,hat	,264,15,372,67
215. aid172122-v4-728px-break-in-a-baseball-cap-step-6.jpg,728,546,hat,101,89,502,225
88. 20h3j9u.jpg,400,400,hat,74,7,356,201
164. man-suit-wearing-baseball-cap-450w-198064211.jpg,450,377,hat,207,56,361,147
268. clkqz2wxiaevxqs.jpg,801,653,hat	,389,86,564,164
73. man-in-the-blue-leather-jacket-sunglasses-baseball-cap-picture-id606019786.jpg,504,529,hat	,35,1,316,170
154. 28country1_span-jumbo-v2.jpg,600,250,hat,17,2,227,106
254. fur-baseball-cap-683x1024.jpg,683,1024,hat	,95,74,561,407
546. pepsi-lede.jpg,1280,720,hat	,1086,118,1280,243
546. pepsi-lede.jpg,1280,720,hat	,696,165,864,268
8. young-woman-wearing-basketball-cap-holding-bottle-of-water-portrait-picture-idsb10061982d-003.jpg,1024,1024,hat,216,65,829,463
58. oh-sports-store-.jpg,664,1000,hat,130,83,534,490
261. 1000x-1.jpg,1000,666,hat	,459,1,779,131
20. tom-selleck-magnum-pi-detroit-tigers-cap.jpg,390,305,hat	,118,8,255,97
175. ted-williams-9532940-1-402.jpg,300,300,hat	,94,31,183,90
241. 500_f_18371636_l6ukzuyabapjcpvh1ljdumflrox6ilqk.jpg,334,500,hat,138,19,265,93
198. wholesale-unisex-style-fashion-hat-tennis-cap-fashion-multicolor-baseball-cap-whs-92.jpg,640,373,hat	,242,34,363,99
428. offset_438859.jpg,650,433,hat,194,117,338,196
140. 20161115_111937-e1479228515837.jpg,1000,1080,hat	,133,61,753,352
103. hats_360x.jpg,360,360,hat	,54,6,274,131
207. pres-ronald-w-reagan-wearing-basketball-hat-and-holding-jersey-and-picture-id50428780.jpg,674,1024,hat,260,36,413,122
60. maxresdefault.jpg,1280,720,hat,522,58,814,238
83. s-l1000.jpg,786,886,hat	,86,36,671,806
318. 20110928_101702_moneygripe.jpg,300,230,hat	,17,5,142,63
318. 20110928_101702_moneygripe.jpg,300,230,hat	,162,8,278,75
297. air_jordan_xi_11_cap_and_gown_12-1080x720.jpg,1080,720,hat,397,46,516,131
297. air_jordan_xi_11_cap_and_gown_12-1080x720.jpg,1080,720,hat,674,77,777,157
428. the-princess-switch-hat.w700.h467.jpg,699,467,hat	,76,32,277,157
368. 5a89dd15ec7f4.image.jpg,400,270,hat,214,8,301,63
497. 12fcbcf5be51e5efa6c89fd046f915e2.jpg,300,450,hat	,50,25,271,173
377. 800.jpg,800,450,hat,230,91,369,193
545. 1552970013671.jpg,710,400,hat	,324,5,373,39
524. smokeless_withdrawal.jpg,554,315,hat	,145,8,347,110
544. chipjoannagaines-998x684.jpg,998,684,hat	,211,23,543,207
288. man-baseball-cap-21952481.jpg,957,1300,hat,276,35,626,288
82. 3760726-old-woman-wearing-baseball-hat-looking-grumpy-and-miserable.jpg,1300,863,hat,272,11,915,355
122. teenage-boy-14-16-wearing-baseball-stock-image__x16941045.jpg,361,470,hat,44,30,314,186
90. oriental-model-hat-cap-wearing-a-stock-images__pac22026.jpg,181,138,hat	,68,1,113,24
374. 15591890058_790f29fea7_b.jpg,1024,577,hat,362,51,609,193
429. 620x620-players-cook.jpg,620,620,hat	,63,1,351,145
29. portrait-of-smiling-man-looking-at-camera-wearing-blue-cap-picture-id161137093.jpg,683,1024,hat	,180,46,555,282
280. los-angeles-hat-navy-edi1_239x@2x.jpg,478,347,hat	,162,6,309,92
241. f865ac301fn7.77_p_02.jpg,500,800,hat	,109,286,396,501
114. actressrapper-queen-latifah-wearing-yankees-cap-at-scream-2-premiere-picture-id92933043.jpg,537,537,hat	,37,26,494,277
115. sidney-crosby.jpg,620,465,hat,194,2,418,164
202. country-singer-neal-mccoy-wearing-baseball-cap-at-jamboree-in-the-picture-id50380413.jpg,683,1024,hat,178,154,595,422
80. side-view-girl-wearing-cap-standing-kick-scooter_23-2147904604.jpg,626,417,hat	,356,5,500,78
44. leyland12.jpg,310,371,hat	,59,3,230,102
210. bal-juan-dixon-comes-full-circle-in-being-introduced-as-coppin-state-men-s-basketball-coach-20170426.jpg,2048,1186,hat,499,13,1139,294
446. ct-spt-bears-trey-burton-walter-payton-award-20181206.jpg,1999,1125,hat	,1166,5,1656,341
446. a-urban-man-wearing-baseball-cap-over-picture_csp25485674.jpg,300,470,hat,97,31,201,87
118. young-woman-wearing-baseball-cap-with-surfboard-dc295f.jpg,1300,956,hat,763,4,1146,199
508. air_jordan_xi_11_cap_and_gown_7-720x1080.jpg,720,1080,hat	,330,79,519,207
162. image-16162-orig.jpg,460,306,hat,39,9,250,110
482. ap_north_korea_nuclear_92954045-e1517323375800.jpg,1000,600,hat	,398,26,619,163
434. jeff-bezos-vest-e1541024413780.jpg,410,267,hat	,141,14,209,47
274. 220px-carl_yastrzemski_1976.jpg,220,366,hat	,22,8,201,114
636. vape-shop-refuses-maga-hat-customer-wp.jpg,664,441,hat	,107,63,287,167
636. vape-shop-refuses-maga-hat-customer-wp.jpg,664,441,hat	,370,49,574,186
10. child-pink-baseball-cap.jpg,363,480,hat	,46,19,301,236
84. image?url=https%3a%2f%2fpeopledotcom.files.wordpress.com%2f2017%2f07%2fgettyimages-815071548.jpg%3fw%3d2000&w=450&c=sc&poi=face&q=85.jpg,450,288,hat	,242,19,344,79
601. 8763942-6612791-image-a-1_1548004641070.jpg,634,357,hat,67,1,251,64
601. 8763942-6612791-image-a-1_1548004641070.jpg,634,357,hat,305,47,351,98
601. 8763942-6612791-image-a-1_1548004641070.jpg,634,357,hat,378,68,422,101
151. chris-kyle-portrait.jpg,3000,1996,hat	,1302,4,2764,645
67. boy-wearing-baseball-cap-19011716.jpg,1300,957,hat,239,17,899,350
545. le-21eme-adam-katz-sinding-after-sacai-paris-mens-fashion-week-fall-winter-2017-2018_aks5961.jpg,2700,1800,hat	,250,1,1105,682
545. le-21eme-adam-katz-sinding-after-sacai-paris-mens-fashion-week-fall-winter-2017-2018_aks5961.jpg,2700,1800,hat	,1301,3,2450,564
607. bieber_uni.jpg,590,231,hat	,221,7,374,78
83. portrait-of-man-wearing-baseball-cap-looking-away-xa26ba.jpg,867,1390,hat,109,68,566,468
729. cap-1845041__340.jpg,510,340,hat	,254,1,346,81
491. overweight-baseball-players-bell_b6ejla.jpg,377,475,hat	,118,14,213,82
214. 0.jpg,480,360,hat,189,51,352,132
767. how-to-wear-a-snapback-without-messing-up-hair-500x500.jpg,500,500,hat	,198,11,279,59
189. 614-08030976em-profile-portrait-of-girl-in-park-wearing-baseball-cap-stock-photo.jpg,450,299,hat,158,94,313,172
31. ftp_hat.jpg,430,287,hat	,71,3,359,282
549. 600-06438960en_masterfile.jpg,450,300,hat,216,4,353,89
299. 21-105702-how_to_wear_the_latest_trends.jpg,1080,540,hat	,359,1,663,306
63. snapback-hoodie-960x620.jpg,960,620,hat,204,6,320,77
63. snapback-hoodie-960x620.jpg,960,620,hat,627,23,814,96
55. studio-portrait-of-basketball-player-wearing-cap-and-sunglasses-picture-id492361691.jpg,683,1024,hat,227,24,394,126
174. unique%20base%20women%20girls%20fashion%20casual%20cap%20influx%20people%20student%20summer%20sun%20hat%20cap%20sun%20boston%20baseball%20black%20b07g3mjbgb-500x500-product_popup.jpg,500,500,hat	,93,25,372,191
200. jayna-hefford-camp_848x480_1281400387920.jpg,500,283,hat,196,26,284,83
102. leonardo-gwyneth-05jun17-04.jpg,1100,699,hat,392,7,751,182
102. leonardo-gwyneth-05jun17-04.jpg,1100,699,hat,742,70,1010,245
391. gettyimages-601995488.jpg,1000,667,hat	,274,52,493,192
132. http%3a%2f%2fcom.ft.imagepublish.prod.s3.amazonaws.com%2fe3ebb77c-2449-11e7-a34a-538b4cb30025?source=next&fit=scale-down&width=600.jpg,600,458,hat,172,17,281,94
36. 614-09017384en_masterfile.jpg,450,299,hat	,77,12,299,99
421. gokateshoot190587.jpg,1000,666,hat	,132,45,407,223
70. portrait-of-old-man-wearing-baseball-cap-with-korean-emblem-picture-id148904235.jpg,686,1024,hat,115,39,618,347
215. e0e9437b59b73d71fc30e1f5890577dc--classy-men-vampire-dairies.jpg,554,720,hat	,138,3,391,147
441. focused_177229862-stock-photo-portrait-smiling-woman-wearing-baseball.jpg,650,433,hat,359,53,476,119
15. bamboo-florette-newsboy-hat-cancer-hats-chemo-ballcap-3.jpg,210,320,hat	,10,8,208,167
438. 23973950.jpg,275,395,hat	,86,35,189,95
179. focused_167870780-stock-photo-young-woman-wearing-baseball-cap.jpg,650,433,hat,227,62,484,177
665. bc4131fc2c151f3de2329bbbdff73bfe_crop_exact.jpg,340,234,hat	,102,1,280,83
110. phil_mccormack_protest_caps_848x480_1046803523626.jpg,371,210,hat,188,16,305,78
623. file.jpg,1000,667,hat	,223,15,546,182
610. usa_today_12259261.jpg,1200,628,hat	,555,1,1108,242
74. epx13dhv6rr11.jpg,653,807,hat	,111,19,521,307
491. 181027-west-shirts.jpg,618,410,hat	,91,5,394,144
557. ap_17078454421377.jpg,1800,1221,hat,981,382,1193,496
35. maxresdefault.jpg,1280,720,hat,349,16,936,343
105. depositphotos_202263012-stock-photo-portrait-happy-young-man-wearing.jpg,1600,1168,hat,853,33,1159,225
204. walterwayne.jpg,770,433,hat,448,8,770,164
228. 122323d1210370018-gambo-t_wil1-photo-marquis_grissom_expos.jpg,321,400,hat,83,4,232,94
112. gettyimages-699981822-775x465.jpg,775,465,hat,243,6,666,231
194. ap-braves-rotation.jpg,1000,890,hat	,38,102,339,287
194. ap-braves-rotation.jpg,1000,890,hat	,431,16,856,233
339. mens-nav-banner-1.jpg,344,336,hat,122,6,224,74
200. los-angeles-hat-black-edi4_239x@2x.jpg,478,347,hat	,120,15,326,112
359. img_0579_1024x1024.jpg,683,1024,hat	,211,212,355,341
194. snapback-1-733x1100.jpg,733,1100,hat,254,25,410,109
322. dsnzaioxgauvaxg.jpg,479,603,hat,125,24,318,140
379. aid172122-v4-728px-break-in-a-baseball-cap-step-2.jpg,728,546,hat,57,21,358,303
689. dustin-johnson-austin-johnson-players-championship-2019.jpg,300,225,hat	,71,25,117,58
689. dustin-johnson-austin-johnson-players-championship-2019.jpg,300,225,hat	,217,10,265,46
157. sku-106705-baseball-cap-flying-fortress-digital-camo--_2_grande.jpg,600,600,hat	,68,6,421,214
304. b88358641z.1_20180920182129_000_gpnamkab.4-0_super_portrait.jpg,403,417,hat,108,6,222,71
284. 694940094001_5997341456001_5997340137001-vs.jpg,1278,720,hat	,502,1,1104,720
455. reggie.jpg,214,309,hat	,92,16,193,105
721. eriks-fight_1.jpg,720,379,hat	,160,1,426,130
221. 3594636_mindi2.jpg,966,1024,hat,503,167,732,328
23. d-hats-d.jpg,321,669,hat	,12,8,260,127
408. donald_trump_make_america_great_ap_img.jpg,1440,907,hat	,360,2,1005,394
608. 5d85d871076d7a366ea15f1df0f3ff77--real-people-golf.jpg,236,314,hat	,57,25,171,109
531. michael-jordan-barons.jpg,577,777,hat	,134,5,388,162
74. best-baseball-movies.jpg,633,356,hat	,71,13,208,84
74. best-baseball-movies.jpg,633,356,hat	,331,15,525,77
177. 60271912-head-and-shoulders-of-young-teenage-boy-wearing-baseball-cap-and-plaid-shirt-looking-mesmerized-by-f.jpg,866,1300,hat,230,36,866,386
332. 7578833.jpg,444,250,hat,79,1,259,83
421. 2fcf64d69d23b1ab2d8590bdbd4df86f.jpg,400,600,hat,128,44,311,142
765. gettyimages-1052319492-e1552387063224.jpg,610,343,hat	,110,10,417,136
526. texas-hats_500x.jpg,500,382,hat,85,40,409,287
712. 1025652202.jpg,1200,628,hat	,331,1,671,152
109. 1022_joe_girardi.jpg,656,369,hat	,182,1,422,137
150. canadau172016.jpg,640,320,hat,34,4,174,71
150. canadau172016.jpg,640,320,hat,255,9,380,78
150. canadau172016.jpg,640,320,hat,484,10,594,69
143. elderly-west-indian-man-wearing-baseball-cap-with-stlucian-flag-emblazoned-dgg509.jpg,1300,955,hat,497,32,1154,351
787. cut.jpg,770,308,hat	,236,6,348,66
578. img_1538.jpg,584,418,hat	,297,8,469,96
51. bundyweb.jpg,941,638,hat,374,12,541,115
30. black-leather-baseball-cap-original-207575.jpg,623,900,hat,133,4,471,194
280. 15309723_web1_190131-omh-floorhockey4_4.jpg,1200,800,hat,71,7,333,148
681. image?url=https%3a%2f%2fpeopledotcom.files.wordpress.com%2f2018%2f03%2fwater-park-death-2.jpg%3fw%3d2000&w=450&c=sc&poi=face&q=85.jpg,450,300,hat	,89,1,312,131
59. how-to-wear-a-snapback-with-long-hair-333x500.jpg,333,500,hat	,201,85,283,150
80. d25_115_506_1200.jpg,800,1200,hat,166,22,759,429
8. neyohat325.jpg,325,325,hat	,38,1,260,136
567. 15463e1e2603d1794c7d155da2158bee--the-face-leo.jpg,236,354,hat	,102,117,179,161
512. gettyimages-1042760992-e1551910225345.jpg,610,343,hat	,259,30,373,89
512. gettyimages-1042760992-e1551910225345.jpg,610,343,hat	,34,10,148,69
92. maxresdefault.jpg,1280,720,hat,76,141,403,333
92. maxresdefault.jpg,1280,720,hat,985,253,1226,404
92. maxresdefault.jpg,1280,720,hat,576,6,905,180
159. negro-league-baseball.jpg,1200,676,hat	,355,1,740,187
228. thome%20jim%203760-96_hs_nbl.jpg,982,1500,hat	,323,118,808,418
452. bze_n2hiqaecqqs.jpg,600,900,hat	,212,41,387,137
223. 030918-chanel-plastic-coat-embed.jpg,696,1044,hat	,316,131,429,205
264. leonardo-dicaprio-hats-boston.jpg,400,400,hat,72,7,385,174
7. screen-shot-2018-02-23-at-3-38-46-pm.jpg,1000,600,hat,369,10,564,153
39. lp-mens-cat-banners-caps.jpg,517,213,hat	,126,11,269,88
702. billmurray.jpg,640,360,hat	,128,19,415,151
35. d943_139_409_1200.jpg,1200,800,hat,159,1,444,111
25. il_570xn.1063086170_h3lm.jpg,570,618,hat	,109,95,433,495
487. two-old-men-wearing-baseball-caps-taken-from-behind-b23jc1.jpg,1300,1064,hat,151,265,610,467
487. two-old-men-wearing-baseball-caps-taken-from-behind-b23jc1.jpg,1300,1064,hat,696,134,1068,330
32. baseball-hat-look-2.jpg,800,537,hat,183,12,475,181
611. static.jpg,661,661,hat	,52,39,347,160
403. 3000.jpg,700,420,hat	,119,141,424,319
403. 3000.jpg,700,420,hat	,257,21,460,148
403. 3000.jpg,700,420,hat	,437,1,699,201
602. 50639561_2284759535136672_284547521332392845_n.jpg,640,425,hat	,265,65,408,150
659. mens-plain-baseball-hat-style.jpg,1228,776,hat	,139,9,294,88
659. mens-plain-baseball-hat-style.jpg,1228,776,hat	,447,20,762,187
659. mens-plain-baseball-hat-style.jpg,1228,776,hat	,1006,10,1100,81
127. baseball-cap-2-1024x882.jpg,1024,882,hat	,566,96,849,220
205. 02-spl1054507_012.jpg,1800,2700,hat,621,51,1278,355
125. leyland12.jpg,310,371,hat,62,10,235,96
406. cd7_-_nah71055236209.jpg,1600,2133,hat	,700,51,1238,598
32. man-cap-wearing-mitt-playing-basketball-dark-background-127762286.jpg,1600,1158,hat,670,84,923,197
621. image?url=https%3a%2f%2fpeopledotcom.files.wordpress.com%2f2017%2f06%2fmark-wahlberg2.jpg%3fw%3d2000&w=450&c=sc&poi=face&q=85.jpg,450,334,hat	,152,1,306,89
120. a-urban-man-wearing-baseball-cap-over-picture_csp25485674.jpg,300,470,hat	,91,26,217,91
335. 486a78fc00000578-0-image-a-3_1516578084440.jpg,1908,1146,hat,307,20,561,171
161. puffer-jacket-hoodie-denim-shirt-large-35045.jpg,325,488,hat	,137,26,193,60
680. skysports-james-harden-harden_4473958.jpg,768,432,hat	,392,1,609,90
231. matheny_fired.0.jpg,1200,800,hat	,149,20,836,264
109. 4620257321_a715d62442_o.jpg,653,930,hat	,59,90,564,398
229. tarasenko_lifestyle_10_210x.jpg,210,326,hat	,41,27,162,125
401. d2b70jxwsaainly.jpg,1200,630,hat	,503,38,795,178
528. mens-black-chelsea-boots-jeans-leather-jacket-hat-street-style.jpg,770,770,hat	,513,69,664,214
9. article-0-18b5bfa600000578-134_634x825.jpg,634,825,hat,131,26,528,272
152. santafetrumpsupporter_848x480_1237044291801.jpg,371,210,hat	,116,1,237,59
170. bv7dvmjnpvbpiaiawhp3.jpg,320,240,hat	,89,1,277,99
671. d1061_192_356_600.jpg,400,600,hat	,125,59,287,150
325. 33042091440_a0ca8bb3c7_h.jpg,1068,1600,hat	,494,538,600,665
416. michael-jordan-barons.jpg,577,777,hat	,122,3,389,151
29. real-people-hispanic-little-boy-wearing-baseball-cap-head-shoulders-picture-id166381755.jpg,683,1024,hat	,236,1,683,261
408. r336319_600x600_1-1.jpg,600,600,hat	,149,30,345,133
209. ap_angels_dodgers_baseball_98762713.jpg,1000,600,hat	,432,56,618,172
50. bcb5d9b767e39ad8e1d4f1b4d9c1b566--dodgers-baseball-baseball-games.jpg,236,353,hat	,145,6,198,45
503. 190119-teens-mock-native-american.jpg,2000,1332,hat	,144,111,922,472
503. 190119-teens-mock-native-american.jpg,2000,1332,hat	,1077,354,1280,498
503. 190119-teens-mock-native-american.jpg,2000,1332,hat	,1128,498,1410,679
36. focused_180513870-stock-photo-happy-young-woman-wearing-baseball.jpg,650,433,hat,185,68,432,205
627. andymineolecraeap_hdv.jpg,1000,563,hat	,167,13,475,211
281. baseball.jpg,760,420,hat	,37,14,143,77
281. baseball.jpg,760,420,hat	,163,16,277,92
281. baseball.jpg,760,420,hat	,218,1,302,45
281. baseball.jpg,760,420,hat	,274,6,396,66
281. baseball.jpg,760,420,hat	,420,59,545,119
281. baseball.jpg,760,420,hat	,566,47,682,112
101. larryh.jpg,1000,652,hat,141,1,677,289
505. tommy-lasorda-9542214-1-402.jpg,620,775,hat	,91,1,620,292
81. _102397421_tv047353229.jpg,660,371,hat,6,54,420,284
565. 5c3861073a17b_klopp420.jpg,420,294,hat	,227,21,297,63
9. printed-hats-001.jpg,450,225,hat	,204,4,349,104
127. pierre-luc-dubois.jpg,594,415,hat,199,43,388,132
544. myzejrxoonhmigi.20131007184152.jpg,640,800,hat	,142,16,494,255
26. image.jpg,1000,1333,hat	,123,56,696,496
75. emotions-people-happiness-concept-beautiful-450w-610791386.jpg,300,470,hat	,94,30,300,165
29. 41l%2blt9lmol._sx466_.jpg,466,466,hat,242,83,420,200
639. 636675174667061995-apc1brd-05-24-2018-crescent-1-a003-2018-05-23-img-celtics-bucks-basket-2-1-c4m16com-l1228466458-img-celtics-bucks-basket-2-1-c4m16com.jpg,534,712,hat	,229,9,486,165
553. portrait-pretty-stylish-young-girl-wearing-cap-jeans-clothes-over-red-background-55295745.jpg,774,900,hat	,236,89,591,290
358. gettyimages-1052319492-e1552387063224.jpg,610,343,hat	,124,14,410,125
8. 15-stylish-ways-to-wear-the-baseball-cap.jpg,699,555,hat,132,11,557,264
510. 20161129_jeremylin_sf_0016-copy1-2133x1200.jpg,2133,1200,hat	,690,1,1351,248
607. 180630-method-man-827x620.jpg,827,620,hat	,289,22,590,209
150. accca5203baae2be6bdcc0f12064f79a.jpg,1500,2250,hat	,599,303,955,506
182. 0d70dbab0e6e12cea937678476b2adec--minnesota-twins-baseball-hats.jpg,236,314,hat	,93,7,146,50
375. 130716173853-12-hardy-celebs-horizontal-large-gallery.jpg,980,552,hat	,374,1,794,208
500. seneca-wallace.jpg,641,455,hat	,177,24,352,109
500. seneca-wallace.jpg,641,455,hat	,395,33,527,154
283. leo_bracket_11___warriors.jpg,594,409,hat	,153,75,245,131
283. leo_bracket_11___warriors.jpg,594,409,hat	,316,60,418,120
283. leo_bracket_11___warriors.jpg,594,409,hat	,353,211,448,269
757. skatemain3.jpg,1000,450,hat	,186,1,379,219
401. standard-thumbnail%e2%80%93gary-on-emotions-768x432_tcm9-114316.jpg,768,432,hat	,137,12,391,130
514. jordan-spieth-us-open-2015.jpg,768,511,hat	,288,30,397,99
607. img_2299.jpg,750,1334,hat,87,241,467,485
478. dogshow087.jpg,1000,1150,hat	,313,256,707,725
304. 180807-ex-yankees-pitcher-guilty-plea-feature.jpg,618,410,hat	,38,19,217,112
390. 5d1333d7b8ab21060951335d37400441.jpg,300,300,hat,133,7,264,116
390. 5d1333d7b8ab21060951335d37400441.jpg,300,300,hat,25,4,69,28
97. sp-sub-zackaryshaw.jpg,796,800,hat,137,116,505,340
239. fsm_music_of_my_people_trucker_hat.jpg,500,500,hat	,46,58,464,427
386. gisele-b-ndchen-people-in-tv-photo-u60?w=650&q=50&fm=pjpg&fit=crop&crop=faces.jpg,650,774,hat	,247,35,391,109
305. 08_1007605599__6twin102618_52020451.jpg,1200,630,hat	,423,61,674,225
136. mens-cap-oval_690x1170_crop_center.jpg,690,1170,hat	,237,11,647,292
30. article-2219471-158eea68000005dc-680_306x439.jpg,306,439,hat,95,20,225,90
661. 1541600554-16706244-low-res-people-just-do-nothing.jpg,640,320,hat	,208,47,289,111
661. 1541600554-16706244-low-res-people-just-do-nothing.jpg,640,320,hat	,378,22,492,91
163. baracksox.jpg,763,470,hat,279,17,465,92
94. merlin_136288032_af90c825-1219-4fc9-b4f3-43c7e417d16e-articlelarge.jpg,600,429,hat	,272,57,383,123
228. luxury-unisex-young-people-baseball-cap-fashion.jpg,260,260,hat	,49,58,231,200
378. article-1260627-0060e9b3000004b0-77_224x532.jpg,224,532,hat,81,1,181,61
580. bobby-bonilla.jpg,420,280,hat	,204,17,402,141
474. gettyimages-518917840.0.jpg,1200,800,hat	,152,83,419,231
474. gettyimages-518917840.0.jpg,1200,800,hat	,435,413,654,547
76. jackie_robinson_.jpg,1660,934,hat	,555,26,1265,363
193. gettyimages-633603168mod-1515707067.jpg,640,320,hat	,296,5,429,85
33. getty_rm_photo_of_man_wearing_cap_on_beach.jpg,493,335,hat	,99,1,302,93
449. chb_hat_large.jpg,379,480,hat	,79,14,284,158
77. flat-cap-404_681487c.jpg,404,273,hat	,131,59,215,108
77. flat-cap-404_681487c.jpg,404,273,hat	,253,16,345,68
182. wilson.jpg,300,266,hat,187,12,259,62
183. music-3472184__340.jpg,511,340,hat	,106,24,213,92
15. article-2293761-14f578ad000005dc-540_634x438.jpg,634,438,hat,179,20,409,185
92. lids.jpg,1000,1223,hat	,12,1,582,617
92. lids.jpg,1000,1223,hat	,518,186,1000,986
92. lids.jpg,1000,1223,hat	,1,501,546,1223
500. 7.jpg,348,469,hat	,16,1,311,144
605. d1061_192_253_600.jpg,400,600,hat	,109,79,298,186
21. black-cap-people-face-wear-coat-adult-portrait-3108812.jpg,479,720,hat	,70,31,366,332
"11. 321d6df9-65f2-4dcb-b9c1-259bc1d8cf45._sr300,300_.jpg",300,300,hat	,35,29,222,173
155. amesh3@2x.jpg,2048,2048,hat	,737,402,1182,709
34. 614-09017384en_masterfile.jpg,450,299,hat,71,9,294,108
330. 500_f_203583942_r9e3kafgkjkyfafjp6dlqfgxjxt5tiba.jpg,500,331,hat,54,68,156,135
363. stc-l-jonespick-wbox-11_31.jpg,620,796,hat,133,32,441,198
177. trump-hat-bar-1-3-18.jpg,664,441,hat	,135,14,316,119
399. 694940094001_5996018662001_5996016837001-vs.jpg,931,524,hat	,143,2,564,232
114. 7fcdfa1815b500c8d25f06da030727b0.jpg,565,540,hat	,68,25,379,180
91. yankees-1x-1.jpg,700,467,hat	,190,48,294,111
91. yankees-1x-1.jpg,700,467,hat	,428,7,573,73
300. webversion_trotz_on_gm7lowvideo_1920x1080_959715395505.jpg,656,369,hat,237,1,510,124
243. baab33d236e5f3c1148050a4c678ecf5.jpg,377,377,hat,56,15,158,83
243. baab33d236e5f3c1148050a4c678ecf5.jpg,377,377,hat,234,11,348,78
414. facts+hat+05.jpg,500,500,hat	,115,52,374,251
523. david-gandy-hat-model-man-white-people-male-9v8i.jpg,480,270,hat	,121,1,266,96
229. lebron-mlb.jpg,1199,840,hat,782,206,920,312
229. lebron-mlb.jpg,1199,840,hat,640,47,780,139
229. lebron-mlb.jpg,1199,840,hat,210,203,347,284
229. lebron-mlb.jpg,1199,840,hat,491,284,607,361
116. a._j._burnett_on_june_14%2c_2012.jpg,1202,1600,hat	,361,5,965,242
23. hollister-logo-dad-baseball-cap-in-washed-navy-315x329.jpg,315,329,hat	,19,13,148,109
253. how_to_wear_baseball_caps_5.jpg,630,402,hat,256,33,329,81
679. gxl_5c8a2b4d-fea4-4b64-b792-0c28ac110005.jpg,1808,1200,hat	,339,199,775,424
167. 8288669374e430dd5087ac1439ecd48fec9ddd50.jpg,1200,630,hat	,214,21,623,535
700. crew-n3.jpg,1000,1100,hat	,417,33,791,269
276. $_35.jpg,225,300,hat	,27,44,202,243
127. depositphotos_208938742-stock-photo-young-handsome-man-wearing-baseball.jpg,1600,1168,hat,1063,78,1395,306
374. men-beachwear-hat.jpg,540,631,hat	,154,1,278,45
552. bn-kd395_0903ba_m_20150903104522.jpg,1280,853,hat	,456,148,656,244
552. bn-kd395_0903ba_m_20150903104522.jpg,1280,853,hat	,980,20,1130,97
337. 500_f_148384561_tfbnhu112nudni12acfletjomdzkdwzn.jpg,334,500,hat,124,74,239,157
155. three-people-famous-for-wea-760x450.jpg,760,450,hat,206,32,430,143
139. 463111_1280.jpg,853,1280,hat,348,93,555,245
21. 000733e77aa7b7d1bc3cfa0e994f28b0.jpg,500,607,hat	,106,32,385,182
116. 81313scott0106web-184x279.jpg,184,279,hat	,26,2,129,61
75. chris+brown+baseball+caps+team+baseball+cap+rcyxeugi7nax.jpg,676,1000,hat,295,107,495,213
226. indian-man-casual-clothing-wearing-baseball-cap_19485-28901.jpg,626,942,hat,227,82,347,181
388. gettyimages-1032378742-e1551906905862.jpg,610,343,hat	,109,3,281,85
9. baseball-cap.jpg,420,249,hat	,249,4,395,109
24. gabriel+aubry+baseball+caps+logo+baseball+okvxxavse41x.jpg,706,1024,hat,113,22,554,356
204. 6c8bbcdf-df27-4d3e-9c20-a2489ef0fa80-1024-576.jpg,1024,576,hat	,289,3,591,171
560. 180502-phil-mickelson.jpg,768,512,hat	,286,29,475,197
6. snapback-shirt-960x620.jpg,960,620,hat,61,18,423,268
6. snapback-shirt-960x620.jpg,960,620,hat,688,38,754,101
458. songforthemute-732x1100.jpg,732,1100,hat,301,112,464,188
249. gettyimages_657311802.0.jpg,1200,800,hat	,202,83,591,544
249. gettyimages_657311802.0.jpg,1200,800,hat	,577,181,742,400
249. gettyimages_657311802.0.jpg,1200,800,hat	,1064,116,1200,268
249. gettyimages_657311802.0.jpg,1200,800,hat	,611,88,757,182
249. gettyimages_657311802.0.jpg,1200,800,hat	,472,44,598,124
249. gettyimages_657311802.0.jpg,1200,800,hat	,601,23,682,87
249. gettyimages_657311802.0.jpg,1200,800,hat	,881,15,1038,88
249. gettyimages_657311802.0.jpg,1200,800,hat	,288,8,390,62
249. gettyimages_657311802.0.jpg,1200,800,hat	,390,14,488,87
591. ashton-kutcher-2.jpg,1200,630,hat	,271,1,564,171
72. 81313scott0106web-184x279.jpg,184,279,hat	,22,4,140,76
90. hewww.jpg,1280,960,hat	,199,69,763,347
501. 083302dd336ab1eec6ec7608938b6f394cd23cdc.jpg,800,450,hat	,315,31,542,154
187. handsome-delivery-man-wearing-baseball-cap_13339-207388.jpg,626,417,hat,306,33,433,125
244. joc-champ-pederson.jpg,1000,600,hat	,97,104,279,230
244. joc-champ-pederson.jpg,1000,600,hat	,733,26,951,154
98. 7c399b657137c47394b040c989eb3c05_original.jpg,640,480,hat	,281,46,511,186
335. mark-maidment-gee16.jpg,7527,5107,hat,4603,2668,5603,3408
303. pump-all-black-ball-cap.jpg,800,700,hat	,338,85,541,216
246. what-should-you-wear-with-your-baseball-cap.jpg,600,786,hat,186,50,396,177
28. 93896960-smiling-emoji-wearing-baseball-cap-isolated-on-white-background-emoticon-with-hat-3d-rendering.jpg,1300,1300,hat,39,62,1182,643
565. gettyimages-1137279493-e1553164261165.jpg,610,343,hat	,135,1,443,146
107. gtnh09142017_molnar_848x480_1046975555768.jpg,371,210,hat	,49,17,187,102
107. gtnh09142017_molnar_848x480_1046975555768.jpg,371,210,hat	,185,5,316,65
107. gtnh09142017_molnar_848x480_1046975555768.jpg,371,210,hat	,309,25,370,106
73. snapback-formal-960x620.jpg,960,620,hat,2,1,279,196
73. snapback-formal-960x620.jpg,960,620,hat,438,4,889,206
42. e0abfade5135984b3c4742748a1e7e0d--baseball-cap-outfit-new-york-yankees-cap-outfit.jpg,236,484,hat,57,10,195,80
139. img_0441.jpg,2048,2048,hat	,316,557,1750,1959
113. 33425102765_c08dbf66df_h.jpg,1068,1600,hat	,440,263,627,370
151. alvin-kamara-wears-make-africa-home-again-hat-after-saints-win.jpg,479,431,hat,97,8,282,131
175. sidney-crosby-of-team-canada-addresses-the-media-during-the-world-cup-picture-id610212984.jpg,1024,683,hat,9,4,575,301
408. photo-1496464749978-589a1f20b1e3?ixlib=rb-1.2.1&ixid=eyjhchbfawqiojeymdd9&auto=format&fit=crop&w=1000&q=80.jpg,1000,664,hat	,221,178,533,335
584. mike-mccarthy.jpg,770,433,hat	,249,2,478,132
207. yankees-1x-1.jpg,700,467,hat,446,5,572,82
151. teenage-boy-wearing-baseball-cap-closeup-portrait-picture-idba16808.jpg,1013,1024,hat,170,28,799,388
333. zllpebe.jpg,450,312,hat	,124,3,196,46
333. zllpebe.jpg,450,312,hat	,269,5,347,55
132. image?url=https%3a%2f%2fpeopledotcom.files.wordpress.com%2f2018%2f08%2ftiger-woods.jpg%3fw%3d450&w=450&c=sc&poi=face&q=85.jpg,450,600,hat	,22,28,376,192
299. bryce-harper-in-cowboys-hat-sugelover.jpg,598,337,hat,316,15,397,71
479. ocearch-collection.jpg,875,491,hat	,177,1,412,99
175. ffa0b178b10e79a551659c5118b8cc24.jpg,183,275,hat,27,1,165,120
541. 190104-j-balvin-nicky-jam-220p-na_38d87c0c1393f8df5e5f6ee6a7866c88.fit-760w.jpg,760,464,hat	,263,21,395,107
195. gallery-1466162937-hilbaseballcap.jpg,480,684,hat	,154,32,354,147
219. 2h6a4757-600x400.jpg,600,400,hat,77,2,215,78
565. celebs-wearing-baseball-caps-bikinis-ftr-01.jpg,332,188,hat,120,7,197,47
294. 362056-thumb.jpg,833,468,hat	,339,26,498,116
641. song%20qian%20dress%20up%20spell%20color%20baseball%20hat%20cap%20women%20girls%20autumn%20winter%20fashion%20trendsetter%20unique%20curved%20eaves%20cap%20letters%20embroidery%20men%20man%20black%20b07g3m916r_2-500x500-product_popup.jpg,202,408,hat	,29,3,139,88
25. portrait-of-man-with-baseball-cap-picture-id159405300?s=612x612.jpg,612,573,hat	,83,43,472,278
41. tress-cap.jpg,3075,3304,hat	,780,75,2298,745
393. 4a508450a944c49029bbd4e6e25a2bc6201527316824575.jpg,640,360,hat	,323,13,504,125
11. 1c4cde4afd459bdfdb68fed3807d73ce.jpg,493,347,hat,134,18,374,131
28. img_60351.jpg,580,382,hat	,255,3,418,165
407. rtxvapa-1024x683.jpg,1024,683,hat	,416,254,605,397
349. rebeleticsapparel-gymhat.jpg,834,579,hat,295,13,456,149
390. sn_g_ljamests_1296x729.jpg,1296,729,hat,459,53,675,179
203. new_era_yankees.jpg,1200,600,hat	,384,18,666,286
216. il_570xn.1171805516_e3cd.jpg,570,562,hat	,20,7,552,320
638. 161112-wilstein-snl-chappelle-2-tease_c2jjjm.jpg,1566,880,hat	,345,1,1118,453
278. walter-leblanc-picture-271x300.jpg,271,300,hat,117,28,207,93
314. 325413d200000578-3498515-image-a-2_1458310860620.jpg,306,892,hat	,101,14,211,95
256. confident-young-man-wearing-baseball-cap-modern-cool-looking-camera-standing-against-grey-background-69533258.jpg,957,1300,hat,370,38,599,214
265. 5102989_trumphat.jpg,1280,720,hat	,437,13,780,238
594. 10908266-3x2-700x467.jpg,700,467,hat	,110,41,293,150
50. basketball-brunette-black-gorgeous-young-girl-curly-hair-wearing-yoga-pants-red-top-red-cap-smiling-71538375.jpg,955,1300,hat,327,24,670,226
111. graphicstock-picture-of-african-happy-man-wearing-cap-walking-on-the-beach-looking-aside_huza9lquhe_sb_pm.jpg,1000,667,hat	,535,85,711,202
52. 220px-bob_montgomery_1976.jpg,220,367,hat	,3,8,216,130
343. depositphotos_21369565-stock-photo-portrait-of-little-boy-wearing.jpg,1023,682,hat,500,35,809,212
10. ti-wearing-a-clevland-cavaliers-cap-and-kobe-bryant-lower-merion-basketball-gx7xd5.jpg,866,1390,hat,316,218,575,431
635. 70ac06e916714d35513eb25dc64e9607--baseball-hat-outfits-fashion-hats.jpg,236,354,hat	,80,9,153,51
354. ray-donovan-season-6-showtime.jpg,780,536,hat	,136,8,434,150
579. 694940094001_5776812869001_5776810849001-vs.jpg,931,524,hat	,540,94,647,141
298. dscf2200.jpg,2048,1365,hat,1077,178,1334,426
264. tiger-woods.jpg,4113,2742,hat	,1092,244,2131,705
285. 5751cabd4c7b7.image.jpg,878,990,hat,203,56,736,382
199. 7289381-1-black?$n_480w$&wid=476.jpg,476,608,hat	,33,4,359,198
520. usa_today_10915743.jpg,1200,600,hat	,423,2,638,116
48. 1516327384036.jpg,620,348,hat,238,4,418,82
449. american-crime-story-andrew-cunanan-duct-tape-mask.jpg,618,412,hat	,210,36,340,111
238. 16-reasons-wear-hat-every-day.jpg,640,640,hat,229,2,434,106
234. doncherry.jpg,250,329,hat,99,9,173,58
140. d1947ab10b6299f7bc560f257bbbf2a3.jpg,438,600,hat,149,53,300,183
148. 1298005848136_original_super_portrait.jpg,486,417,hat,149,16,347,120
307. 00244713.jpg,467,700,hat	,87,204,370,337
162. machado.jpg,770,433,hat	,196,3,464,146
335. focused_177230322-stock-photo-portrait-woman-wearing-baseball-cap.jpg,650,433,hat,64,16,315,126
111. cat3.jpg,380,253,hat	,168,12,290,81
238. ap_17241752028307usa_wide-fcecd7584d7447181921af78001705c37070fe3b-s800-c85.jpg,512,288,hat	,202,7,295,69
466. 471872.jpg,800,600,hat	,150,3,565,200
415. cat%20hat%2028.jpg,400,300,hat,76,9,173,72
415. cat%20hat%2028.jpg,400,300,hat,184,18,296,76
241. how-to-wear-a-snap-back_1024x1024.jpg,1024,525,hat,448,2,590,69
537. rs-17468-20130313-ben-x624-1363110732.jpg,624,420,hat	,200,1,441,107
790. freeagentfocuscraigkimbrel112718_1920x1080.jpg,1920,1080,hat	,744,40,1155,260
17. cover2.jpg,412,206,hat,182,28,241,55
67. hockey%20lnn.jpg,980,551,hat,335,1,692,147
381. 35554647_259585297955165_3458407559088570368_n.jpg,1080,1080,hat	,391,288,780,600
79. a-urban-man-wearing-baseball-cap-over-picture_csp25485614.jpg,450,320,hat,66,7,284,120
320. ceb422aab45fb40a2b65a814af1c785f--snapback-tigers.jpg,236,295,hat	,86,48,176,143
23. maxresdefault.jpg,1280,720,hat,329,2,914,208
263. bacon-med-479.jpg,479,319,hat	,174,1,311,83
77. snapback-with-smart-casual-style.jpg,173,340,hat	,37,4,111,43
239. h5q3pe763jbdzdf5i6jnz2423e.jpg,1500,844,hat	,589,17,1060,250
146. offset_749627.jpg,433,650,hat,154,41,320,138
180. hat_backwardsbaseball.jpg,275,241,hat	,20,1,116,49
645. kcm_royalsspring03022-19-19.jpg,480,269,hat	,126,14,341,113
56. portrait-of-a-young-woman-wearing-basketball-cap-looking-away-f0w5x1.jpg,1300,956,hat,525,73,851,220
442. mikemccormick.jpg,621,346,hat,209,78,297,145
233. bzdmw9gcmaaqhnv.jpg,499,740,hat	,197,13,302,82
526. discouragedpoorman.jpg,1920,1440,hat	,705,124,1124,800
13. robert+pattinson+wearing+a+baseball+cap+that+kristen+stewart+wore.jpg,615,409,hat,195,45,383,180
30. hat-5.jpg,476,350,hat	,127,4,319,116
1. r_adogpeeps0787banner_hat.jpg,960,640,hat	,465,1,768,208
19. 5-17-119-new-era-hat-cheap.jpg,300,225,hat	,68,6,229,99
551. matt-arrived-set-wearing-baseball-hat.jpg,777,1024,hat,429,65,656,228
603. 11234290-0-image-m-10_1553095685486.jpg,636,358,hat,142,12,291,105
197. justin_teakle_super_portrait.jpg,740,417,hat,450,5,598,86
364. stretched-canvas-art-vintage-photograph-of-two-boys-wearing-baseball-caps-gripping-baseball-club-large-24-x-36-inch-wall-art-decor-size.jpg,320,400,hat,19,35,106,83
364. stretched-canvas-art-vintage-photograph-of-two-boys-wearing-baseball-caps-gripping-baseball-club-large-24-x-36-inch-wall-art-decor-size.jpg,320,400,hat,179,30,272,73
396. 1704050871_5812372673001_5812373458001-vs-470x264.jpg,470,264,hat	,85,1,279,83
45. 170308_trump_hat_forsunday_16.jpg,618,410,hat,257,3,472,128
591. uxjjsr4hw9lqermeayyj.jpg,470,264,hat	,209,1,357,91
186. image?url=https%3a%2f%2fpeopledotcom.files.wordpress.com%2f2015%2f12%2fgwen-stefani-600x4501.jpg&w=600&c=sc&poi=face&q=85.jpg,600,450,hat	,211,6,315,62
186. image?url=https%3a%2f%2fpeopledotcom.files.wordpress.com%2f2015%2f12%2fgwen-stefani-600x4501.jpg&w=600&c=sc&poi=face&q=85.jpg,600,450,hat	,48,82,176,152
313. 635813090676406831-mitch.jpg,534,401,hat,70,31,384,171
166. glkaqbgzlkp0as41dd5u.jpg,1116,628,hat	,172,57,460,171
11. baseballcap.jpg,565,790,hat	,72,2,442,201
611. enhanced-6620-1405541150-1.jpg,590,362,hat	,128,3,336,125
68. how_to_wear_baseball_caps_4.jpg,445,437,hat,157,6,304,102
212. beechfield-original-flat-peak-snapback-p3622-182624_thumb.jpg,274,274,hat	,63,8,171,77
543. kungabu-fongo-leonel-new-pic-for-blog.jpg,1000,666,hat	,1,163,365,434
543. kungabu-fongo-leonel-new-pic-for-blog.jpg,1000,666,hat	,249,162,461,310
543. kungabu-fongo-leonel-new-pic-for-blog.jpg,1000,666,hat	,535,1,761,147
543. kungabu-fongo-leonel-new-pic-for-blog.jpg,1000,666,hat	,192,1,391,76
29. article-1244725-07ed49c9000005dc-877_468x384.jpg,468,384,hat	,35,1,170,93
29. article-1244725-07ed49c9000005dc-877_468x384.jpg,468,384,hat	,318,26,461,127
668. ny_g_ichiro_600x400.jpg,600,400,hat	,222,2,600,191
435. 450x253.jpg,450,253,hat	,156,6,247,70
169. nicce%20baseball%20cap%20in%20reflective%20grey.jpg,269,284,hat	,13,3,168,91
521. people-homeless-male-street-portrait-wallpaper.jpg,3600,4500,hat	,835,341,1788,1682
188. tired-casual-old-man-wearing-baseball-hat-and-sunglasses-picture-id495519588?s=170667a&w=1007.jpg,509,339,hat,222,12,336,64
310. buffalo_jackson_red_2_1_of_1_400x.jpg,400,400,hat	,138,16,333,98
311. fundraiser-tourney-3086794_medium.jpg,458,305,hat,193,25,246,65
311. fundraiser-tourney-3086794_medium.jpg,458,305,hat,323,23,383,59
267. photo-1459326464274-c30acdd1f2ce?ixlib=rb-1.2.1&ixid=eyjhchbfawqiojeymdd9&w=1000&q=80.jpg,1000,667,hat	,167,218,363,347
66. ws-20-20102018-kennedy-portrait_large.jpg,800,535,hat,141,13,389,158
389. mother-and-son-wearing-baseball-caps-stock-photo__bld192103.jpg,450,357,hat,276,67,384,120
389. mother-and-son-wearing-baseball-caps-stock-photo__bld192103.jpg,450,357,hat,127,86,277,155
348. phr-br-storetheft-may31.jpg,600,677,hat	,293,109,486,300
64. tarasenko_lifestyle_10_210x.jpg,210,326,hat,47,24,165,117
290. usatsi-12358767.jpg,770,433,hat	,295,17,564,154
548. 107191805.jpg&operation=crop&offset=0x0&resize=2077x1168.jpg,620,349,hat	,313,16,492,110
117. gettyimages-979735598-1529970267.jpg,640,426,hat	,223,34,353,94
532. -picture-id10146358.jpg,1024,682,hat,179,6,917,292
471. 52079-the-back-view-of-a-man-wearing-a-baseball-cap-jean-jacket-and-a-backpack-looking-out___man-looking-out.jpg,2942,1956,hat,2003,644,2515,1116
89. stu%20scheurwater.jpg,1601,1066,hat	,878,13,1127,144
98. 73353573-smiling-happy-teen-girl-wearing-baseball-cap.jpg,1300,731,hat,697,27,1085,325
626. 6c751c064557c63c7da411d87f1ed045.jpg,400,400,hat	,81,23,329,356
440. 2017_08_chris_martin.jpg,770,578,hat	,255,7,374,96
368. chavs.jpg,432,263,hat	,121,13,171,43
368. chavs.jpg,432,263,hat	,251,23,301,55
14. maxresdefault.jpg,1280,720,hat	,335,1,909,212
193. young-man-wearing-baseball-cap-portrait-white-background-36998904.jpg,919,1300,hat,285,43,726,369
705. bba_spring_training_blue_jays_201602232.jpg,392,294,hat	,76,43,135,93
15. 223147-2064x1453-man-wearing-baseball-cap.jpg,2064,1453,hat	,524,49,1571,540
474. 5977832-6371343-bts_member_jimin_is_said_to_have_worn_the_picture_during_the_ban-m-2_1541764777435.jpg,634,521,hat,118,73,376,199
277. baseball-hat-1.jpg,3648,2680,hat,1644,72,2479,987
247. meet-john-gibbons-the-family-man-1444316081.jpg,1200,674,hat	,162,1,734,195
3. hat_hair_loss-e1372284351658.jpg,600,345,hat	,147,12,456,178
1. 20170302_jbh_0881_600x.jpg,565,600,hat,69,55,448,233
18. fashionable-white-baseball-cap.jpg,900,1200,hat	,121,42,851,482
301. 04-karlie-kloss-baseball.jpg,640,960,hat,104,22,347,161
33. v-black__1650770507_400x@2x.jpg,640,640,hat	,79,78,551,551
662. 78a208728bb17453cbde5badbf3864c4--ice-cubes-inspiring-people.jpg,236,314,hat	,34,1,230,117
138. 120515_gil_hughes.jpg,630,354,hat,47,6,261,155
167. jake-arrieta.jpg,2000,3000,hat	,515,371,1746,1059
580. 2e205ab595142dac865282e064c419eb--baseball-party-baseball-girls.jpg,236,354,hat,107,18,149,40
135. kobe-bryant.jpg,613,613,hat,160,13,447,217
226. 5006732.jpg,620,400,hat,111,8,282,109
102. 230px-20140927-craigramsay2.jpg,230,291,hat,26,9,161,82
367. ways_to_wear_baseball_cap_5.jpg,500,667,hat,217,14,289,63
701. 10979231-1-green?$n_480w$&wid=476.jpg,476,608,hat	,39,29,275,149
198. photos.medleyphoto.8166923.jpg,365,205,hat	,153,4,233,64
614. 20190320-095935-person-northern%20guilford%20softball-17.jpg,1500,1110,hat	,603,288,847,453
94. stc-l-jonespick-wbox-11_3.jpg,525,350,hat,145,9,261,79
217. baseball-hats-for-women_1.jpg,630,420,hat,300,6,413,109
356. gettyimages-101597951-e1550775264579.jpg,700,393,hat	,343,12,607,120
94. ea91c5b6d287e722_street-style-baseball-caps.jpg,550,550,hat	,59,4,260,138
94. ea91c5b6d287e722_street-style-baseball-caps.jpg,550,550,hat	,382,6,492,81
94. ea91c5b6d287e722_street-style-baseball-caps.jpg,550,550,hat	,391,311,499,371
94. ea91c5b6d287e722_street-style-baseball-caps.jpg,550,550,hat	,100,371,227,471
213. d943_163_226_1200.jpg,1200,800,hat,283,14,574,159
309. how-to-wear-baseball-cap-feathers-hiking-boots-chic-casual-winter-outfit.jpg,1920,3500,hat,921,56,1417,461
118. 975759264.jpg,1400,2074,hat	,205,119,1016,533
3. 101260-baseballcap-wethepeople-7_grande.jpg,600,600,hat	,38,3,464,373
772. jackie-robinson-day-honouring-the-first-man-who-integrated-major-league-baseball-and-helped-change-america-feature7.jpg,300,300,hat	,121,10,188,55
192. women-wearing-baseball-hats-3.jpg,736,1104,hat,215,37,553,268
298. new_era_first_changes_everything.jpg,1280,720,hat	,472,56,737,205
338. db-pcxxwsaaqs44.jpg,704,395,hat	,237,89,303,146
234. 4380c7c168f8cf47832d357d7b839a52--jennifer-lopez-jennifer-oneill.jpg,236,354,hat	,89,18,128,49
158. cdn20180920mm024-e1547271262803.jpg&w=840&h=630.jpg,840,630,hat,204,7,471,146
158. cdn20180920mm024-e1547271262803.jpg&w=840&h=630.jpg,840,630,hat,427,145,637,256
47. baseball-hair-1-600x450.jpg,600,450,hat	,133,4,327,113
226. ageetommie.jpg,396,561,hat	,116,14,307,110
149. portrait-confident-young-man-baseball-cap-studio-shot-confident-young-man-wearing-baseball-cap-white-t-shirt-standing-123643356.jpg,1300,1130,hat,504,29,970,351
190. health-benefits-of-wearing-baseball-caps.jpg,700,400,hat	,244,104,309,147
556. matt-duff.jpg,1920,1080,hat	,539,1,1236,417
506. 4445776-6192607-image-m-104_1537520083337.jpg,634,796,hat	,268,9,375,74
326. usa_today_12358517.0.jpg,352,235,hat	,134,25,225,65
259. 4898.jpg,516,565,hat	,126,1,501,210
255. m77gpkjpobcbhnkkffjgbriiam.jpg,1200,675,hat	,272,35,521,171
517. srx_trump_24.jpg,1200,674,hat	,534,105,786,254
517. srx_trump_24.jpg,1200,674,hat	,272,107,588,283
517. srx_trump_24.jpg,1200,674,hat	,105,254,416,463
517. srx_trump_24.jpg,1200,674,hat	,347,468,697,664
517. srx_trump_24.jpg,1200,674,hat	,701,281,996,478
517. srx_trump_24.jpg,1200,674,hat	,745,185,975,327
517. srx_trump_24.jpg,1200,674,hat	,928,89,1147,276
517. srx_trump_24.jpg,1200,674,hat	,952,1,1197,110
517. srx_trump_24.jpg,1200,674,hat	,314,12,543,149
517. srx_trump_24.jpg,1200,674,hat	,448,1,664,87
144. 8224652.jpg,620,457,hat,273,26,610,211
95. black+distressed+skinny+jeans?format=1500w.jpg,750,1125,hat	,381,229,488,318
174. 500_f_85416132_gegxwqqu3x3r3f6ukvy8srkhjx44qvzm.jpg,500,412,hat,93,11,354,146
781. 4f7319b56bb3f72d22000067-320-240.jpg,320,240,hat	,53,5,144,53
781. 4f7319b56bb3f72d22000067-320-240.jpg,320,240,hat	,215,9,264,50
17. kate-uptons-5-step-guide-to-wearing-a-baseball-hat-1-14168-1370296802-11_big.jpg,355,236,hat,113,17,228,97
301. 38fe4c363ea74a70_robert-pattinson.jpg,550,424,hat,100,10,202,64
301. 38fe4c363ea74a70_robert-pattinson.jpg,550,424,hat,393,2,444,38
216. image_4e37bd3f-a128-4234-abd1-01e7d2d01beb_grande.jpg,400,600,hat,15,194,292,302
289. california-san-bernardino-baseball-player-sitting-in-dugout-picture-idsb10068701aq-001?s=612x612.jpg,301,401,hat	,29,5,292,143
353. preview.jpg,512,333,hat,196,1,427,167
751. hi-res-1f681336ed1e2f7fff205e3410d9aa2f_crop_exact.jpg,900,600,hat	,98,138,250,212
751. hi-res-1f681336ed1e2f7fff205e3410d9aa2f_crop_exact.jpg,900,600,hat	,393,108,486,196
751. hi-res-1f681336ed1e2f7fff205e3410d9aa2f_crop_exact.jpg,900,600,hat	,674,116,801,196
187. 17._g49a1668-2_550x550_7220255a-833e-4bfd-8baa-d5b2d78f3fbf_800x.jpg,550,550,hat	,312,1,507,165
330. facts+hat+10.jpg,720,960,hat	,198,44,561,281
105. dog_lover_hat_red__73594.1528904593.1280.1280.jpg,1280,1280,hat	,84,29,1012,1076
38. espada-1040x572.jpg,1040,572,hat	,346,6,657,174
444. 851593516.jpg,1200,800,hat	,362,116,554,284
314. usa_nova_villa_ncaam_1.jpg,656,369,hat,423,161,520,231
314. usa_nova_villa_ncaam_1.jpg,656,369,hat,560,116,656,177
314. usa_nova_villa_ncaam_1.jpg,656,369,hat,291,118,392,196
314. usa_nova_villa_ncaam_1.jpg,656,369,hat,1,107,67,170
314. usa_nova_villa_ncaam_1.jpg,656,369,hat,80,153,167,207
227. a-p-c-black-suede-baseball-cap-original-52789.jpg,621,900,hat	,148,1,474,213
728. image?url=https%3a%2f%2fpeopledotcom.files.wordpress.com%2f2018%2f09%2f2way22.jpg%3fw%3d2000&w=450&c=sc&poi=face&q=85.jpg,450,300,hat	,78,1,156,47
613. aec747df930d979c0d8b438846f82e3e--baseball-jerseys-baseball-caps.jpg,236,354,hat,90,11,132,39
551. 51416286_2193050927675714_1428621064468246137_n.jpg,640,799,hat	,168,43,478,181
344. original-25093-1461176132-12.jpg,700,980,hat,217,41,416,153
61. how-to-wear-a-cap-if-you-have-a-big-head-1.jpg,639,450,hat	,164,10,470,166
279. catch-lights-1.jpg,640,480,hat,240,3,529,116
191. gettyimages-1131435890-e1553115536778.jpg,480,270,hat	,146,2,323,87
25. rihanna-vogue-19april2017-getty.jpg,1620,1134,hat,605,172,1074,390
293. lpawnlrjx7yzjkcjd7hd.jpg,695,385,hat	,191,1,360,76
293. lpawnlrjx7yzjkcjd7hd.jpg,695,385,hat	,448,90,643,195
406. ron-artest-iso-smile-1213.jpg,4674,3523,hat	,1241,322,2768,1191
195. randy-thibault-1.jpg,1076,1126,hat,248,124,836,460
97. mature-man-wearing-baseball-cap-x0cfy4.jpg,1040,1390,hat,151,22,749,303
35. flotus.jpg,1024,683,hat	,453,58,621,185
35. flotus.jpg,1024,683,hat	,715,272,851,369
129. untitled-4_grande.jpg,400,600,hat	,11,26,378,233
36. jaynaedited.jpg,1000,750,hat,462,80,936,310
719. bradley-cooper-virgin-america.jpg,300,300,hat	,30,5,67,26
719. bradley-cooper-virgin-america.jpg,300,300,hat	,135,9,271,81
50. 1217454.jpg,1200,800,hat,175,11,721,270
258. img?q=85&w=900&src=ahr0chm6ly9zmy5tzwrpywxvb3quy29tl2jsb2ctaw1hz2vzl1nitumtsw1hz2utmtquanbnp210aw1lptiwmtgwote0mtayodiw.jpg,800,584,hat	,90,1,665,412
709. people-puppet-02.jpg,2136,3216,hat	,722,160,1676,897
146. un68hutyrsza8cqd6kq0.jpg,800,453,hat	,253,13,373,81
315. babe-ruth-1922.jpg,1000,750,hat	,236,11,684,248
160. baseball-cap-mens-street-style.jpg,770,490,hat	,214,13,341,77
134. bean_stage-1024x755.jpg,1024,755,hat,589,45,790,202
82. 5ba182ee18508241cd1925f8_baseball-cap-dodgers.jpg,720,520,hat	,303,8,407,64
667. img_3155_960x.jpg,960,1200,hat	,371,44,708,211
597. 20190319-money2020-bigpay.jpg,1000,750,hat	,161,130,282,212
597. 20190319-money2020-bigpay.jpg,1000,750,hat	,404,127,569,225
597. 20190319-money2020-bigpay.jpg,1000,750,hat	,670,79,812,174
414. real-people-caucasian-little-boy-wearing-patriotic-american-baseball-picture-id161310148.jpg,1024,683,hat	,427,37,601,153
135. tumblr_pidah8uzal1uu6t1h_1280.jpg,750,675,hat,32,10,572,211
624. photo-1528994782105-67bd4c2b4be5?ixlib=rb-1.2.1&ixid=eyjhchbfawqiojeymdd9&w=1000&q=80.jpg,1000,1500,hat	,344,552,823,1030
81. hellard2c-tyler.jpg&w=302&h=226.jpg,302,226,hat,123,3,199,54
200. wst1052048-preview-logo-watermarked.jpg,800,533,hat,256,48,462,177
64. d943_163_033_1200.jpg,1200,800,hat,493,89,902,346
182. rx4fu5plpmgeoydvot2x.jpg,1116,628,hat	,313,1,788,197
494. thumbnail_1.0.jpg,1200,800,hat	,408,34,771,319
494. thumbnail_1.0.jpg,1200,800,hat	,37,151,387,418
213. 229acf2cd6ee40e2f6bf25f52f233e7e--lazy-hairstyles-casual-hairstyles.jpg,736,1104,hat	,185,40,561,270
37. baseball_cap_men.jpg,219,227,hat	,41,19,195,89
322. ddbjtkglrulhbkk.20121003212236.jpg,319,400,hat	,87,5,237,94
126. jd_product_list?plu=jd_240038_b&qlt=80&w=300&h=300&v=1.jpg,300,300,hat,45,3,197,98
415. bng-l-as-1004-16.jpg,620,450,hat	,213,143,523,315
355. 20161221-gents-009-1391__49233.1492147890.jpg,600,400,hat	,130,16,338,140
537. newassetsddm-baseball.jpg,660,416,hat,286,19,384,73
101. eugenior-joseph-florida_t580.jpg,205,240,hat	,13,1,195,90
340. person_of_interest_page_2.jpg,491,463,hat	,145,29,337,151
230. jan25_domise_maga-810x445.jpg,810,445,hat	,305,15,473,114
717. 3000.jpg,700,420,hat	,29,6,338,185
231. jay-z-roc-nation-hat-summer-classic-charity-basketball-tournament-wearing.jpg,600,434,hat,160,48,348,143
472. 535934ee6bb3f7006a632c08-960-720.jpg,960,720,hat	,480,67,868,374
472. 535934ee6bb3f7006a632c08-960-720.jpg,960,720,hat	,662,438,955,638
60. 193876.jpg,1200,800,hat,394,3,1123,340
94. focused_169044022-stock-photo-portrait-boy-wearing-baseball-cap.jpg,650,432,hat,260,53,389,157
335. i?img=%2fmedia%2fmotion%2f2019%2f0301%2fdm_190301_mlb_getup_harpers_career_so_far_kurkjian%2fdm_190301_mlb_getup_harpers_career_so_far_kurkjian.jpg&w=640&h=360&format=jpg.jpg,640,360,hat	,104,1,377,127
139. 38._g49a1636_550x550_24f9b0a7-ef34-4028-ae45-233c78c74437_800x.jpg,550,550,hat	,153,32,459,264
99. 5a0678f6224db3d9_gettyimages-587458754.jpg,2048,1382,hat,555,257,1072,576
205. stock-photo-beautiful-woman-face-close-up-portrait-amazing-girl-with-perfect-skin-in-stylish-sunglasses-and-cap-709096807.jpg,450,320,hat,116,1,322,93
23. man-wearing-baseball-cap-portrait-f3cpk5.jpg,1300,957,hat,334,7,1001,374
55. our%20kind_3.jpg,250,280,hat	,64,29,176,98
385. kindkids-garrettlowry.jpg,1240,775,hat	,557,5,778,134
348. baseball-cap.jpg,526,392,hat,280,126,398,183
562. elise-4275.jpg,2980,4470,hat	,648,32,1995,1067
264. mac2017_2.jpg,745,560,hat,223,88,455,199
364. gettyimages-173232931-2.jpg,2000,1125,hat,426,6,842,255
481. jim_bouton_1969.jpg,359,424,hat	,70,4,296,137
223. 240px-luke_weaver_on_september_16%2c_2016.jpg,240,389,hat	,63,13,151,66
381. jeff-bezos-amazon-sunglasses-e1524088413219.jpg,410,230,hat	,75,5,209,70
91. article-2387814-1b37bf3c000005dc-370_306x423.jpg,306,423,hat,22,56,263,188
769. 41bae1de-074e-4a12-b046-74d34d4be891-mgkeminem.jpg,1200,636,hat	,757,25,1050,222
697. blue-jays-6-man-rotation-body-image-1470842795.jpg,320,225,hat	,122,7,206,54
697. blue-jays-6-man-rotation-body-image-1470842795.jpg,320,225,hat	,54,77,123,114
85. pedro-alvarez.jpg,189,180,hat,55,4,180,64
703. 585c48ffee14b6ce348b4a8b-1334-667.jpg,1334,667,hat	,777,64,1072,279
551. 1541600554-16706244-low-res-people-just-do-nothing.jpg,640,320,hat	,205,49,292,111
551. 1541600554-16706244-low-res-people-just-do-nothing.jpg,640,320,hat	,383,24,492,88
418. rtx2id7x-e1480528657844.jpg,410,230,hat	,86,22,337,193
133. 0bfd1a60-da80-0132-cec8-0e01949ad350.jpg,646,861,hat,16,103,533,469
419. 4f711f3000000578-0-image-a-47_1535390647717.jpg,1908,1146,hat	,951,19,1415,273
177. img?q=85&w=900&src=ahr0chm6ly9zmy5tzwrpywxvb3quy29tl2jsb2ctaw1hz2vzl1nitumtsw1hz2utmtquanbnp210aw1lptiwmtgwote0mtayodiw.jpg,800,584,hat	,92,1,659,460
18. dsc00286_-_copy__51444.1482993690.jpg,1280,852,hat	,89,48,1279,781
171. d237_79_623_1200.jpg,1200,800,hat,448,56,801,272
297. b633feebed90839bd13e42ef60bd7209.jpg,500,742,hat,126,112,432,510
23. 48425649_040_b?$xlarge$&hei=900&qlt=80&fit=constrain.jpg,600,900,hat	,86,259,538,623
571. dunn.jpg,780,585,hat	,330,1,525,124
38. a-teenage-boy-wearing-a-hoodie-and-picture__1010037.jpg,299,470,hat,52,53,240,155
422. 15309781819612.jpg,843,685,hat	,287,57,526,205
45. 23387151-image-of-attractive-young-woman-wearing-cap-with-a-basketball-sitting-on-floor-female-basketball-pla.jpg,977,1300,hat,150,148,450,328
367. usa_villanova_basketball_big_east_tournament_celebration.jpg,656,369,hat,124,73,199,122
367. usa_villanova_basketball_big_east_tournament_celebration.jpg,656,369,hat,507,11,594,79
367. usa_villanova_basketball_big_east_tournament_celebration.jpg,656,369,hat,297,31,451,114
367. usa_villanova_basketball_big_east_tournament_celebration.jpg,656,369,hat,256,11,324,58
367. usa_villanova_basketball_big_east_tournament_celebration.jpg,656,369,hat,28,115,104,169
112. royafw.jpg,1200,827,hat	,246,36,550,197
725. tmg-article_tall;jpeg_quality=20.jpg.jpg,640,631,hat	,195,17,476,196
161. front-view-portrait-70-year-of-age-person-wearing-a-baseball-cap-far4tc.jpg,866,1390,hat,198,85,736,396
413. how-to-wear-a-fitted-snapback-500x367.jpg,500,367,hat	,83,10,214,102
413. how-to-wear-a-fitted-snapback-500x367.jpg,500,367,hat	,348,22,395,61
137. 500_f_26078484_ftuh41kjybu9r1cmcae11mdik5knng2t.jpg,334,500,hat,66,36,287,187
724. raymond-neepin.jpg,780,957,hat	,65,3,660,387
83. smiling-delivery-man-wearing-cap-portrait-white-background-49244544.jpg,1300,957,hat,478,22,875,198
329. shirt-white_960x.jpg,960,1200,hat	,358,128,642,314
670. tdot.jpg,1280,720,hat	,102,47,468,254
670. tdot.jpg,1280,720,hat	,844,68,1063,226
613. 63028139-people-lifestyle-and-communication-concept-portrait-of-happy-handsome-teenage-boy-wearing-cap-backwa.jpg,1300,866,hat	,539,84,810,247
401. 22valdaryweb-facebookjumbo.jpg,1050,550,hat	,20,8,247,377
401. 22valdaryweb-facebookjumbo.jpg,1050,550,hat	,555,2,972,188
224. how-to-wear-a-snapback-with-a-small-head.jpg,533,800,hat	,147,8,294,88
338. jonathan-toews.jpg,650,449,hat,163,12,362,130
576. p06tv9g9.jpg,640,360,hat	,370,43,466,96
576. p06tv9g9.jpg,640,360,hat	,525,76,593,110
576. p06tv9g9.jpg,640,360,hat	,281,68,348,109
145. young-man-in-a-hockey-jersey-with-a-cell-phone-sitting-on-steps-looking-hyhpxb.jpg,866,1390,hat,348,103,540,236
474. referee-1149014__340.jpg,580,340,hat	,282,5,469,131
470. facts+hat+10.jpg,720,960,hat	,171,33,538,269
180. cb-27112016-adam-mccormick-tj_large.jpg,800,535,hat,362,9,598,146
477. 9a31d9b06031e6b16417e7a5f230f397.jpg,500,500,hat,175,2,332,99
162. rag-bone-brown-grey-leather-trimmed-baseball-cap-original-31674.jpg,280,420,hat,61,10,216,115
56. 67523623-portrait-of-staring-man-with-goatee-wearing-baseball-cap-white-background.jpg,1300,902,hat,391,24,911,337
81. james-phillips_1550516429676_73684992_ver1.0_640_360.jpg,303,279,hat	,37,32,229,236
103. man-wearing-baseball-cap-and-dungarees-portrait-picture-idla9522-001.jpg,804,1024,hat,204,87,603,370
395. mkzcwuftzxehdaq.20180218032946.jpg,1024,576,hat	,586,6,808,119
395. mkzcwuftzxehdaq.20180218032946.jpg,1024,576,hat	,18,126,266,285
38. man-wearing-gray-crew-neck-shirt-holding-basketball.jpg,4891,3597,hat,1892,661,2985,1381
364. _89810447_kevinandtj.jpg,976,549,hat	,671,9,976,172
669. methodman-640x377.jpg,640,377,hat	,150,4,402,127
234. df8c880bb2d2ca8ecf377154edc29717.jpg,800,450,hat,277,2,474,81
238. facts+hat+05.jpg,500,500,hat	,115,51,370,242
405. sports_baseball_hat_137394_pi_pip.jpg,2395,1513,hat	,1067,23,1244,129
522. 7280205_stock-photo-boy-wearing-cap-using-digital-tablet.jpg,400,600,hat	,127,217,211,288
217. 293884104_5549414849001_5549394690001-th.jpg,1280,720,hat	,694,12,1106,237
454. image?url=https%3a%2f%2fpeopledotcom.files.wordpress.com%2f2018%2f08%2ftiger-woods.jpg%3fw%3d450&w=450&c=sc&poi=face&q=85.jpg,450,600,hat	,19,30,391,191
447. 17robbery-articlelarge.jpg,600,414,hat	,215,72,287,119
266. d_abreo_robin.jpg,300,400,hat,78,24,214,113
64. headwear_heading_img_3.jpg,553,321,hat	,238,9,373,62
579. grioaug17bradegginkpah2___super_portrait.jpg,488,417,hat	,263,2,406,74
344. man-smiling-wearing-baseball-hat-backwards-pointing-white-background-31240685.jpg,957,1300,hat,304,40,533,174
327. 5bfa880468103.image.jpg,400,448,hat	,165,16,277,68
327. 5bfa880468103.image.jpg,400,448,hat	,2,12,65,61
327. 5bfa880468103.image.jpg,400,448,hat	,65,8,151,50
102. sporthatsplit.jpg,2395,1513,hat	,373,13,765,280
102. sporthatsplit.jpg,2395,1513,hat	,1505,162,2165,574
467. hqdefault.jpg,480,360,hat,75,48,155,109
325. 0x5wioukwcqmpm6tthe7_fgay55mczja6guzyvyff98divgimy6-jbsrv0kyrr7fjtcpsnbs9oyowovuvszozg=s750.jpg,599,367,hat	,273,1,347,67
52. solid-color-cotton-unisex-young-people-baseball-cap-fashion-polo-style-hat-for-women-men-students-ball-white-china-leshopeur-com_341_1024x1024.jpg,800,800,hat	,69,50,697,406
52. real-people-caucasian-little-boy-wearing-baseball-cap-thumbs-up-picture-id166374732.jpg,1024,819,hat	,292,31,659,248
48. p201703271159349289850.jpg,730,730,hat	,15,240,628,715
12. 245fcb3c00000578-0-image-m-2_1420196153461.jpg,634,475,hat,63,4,548,266
597. stenson_thumb.jpg,1920,1080,hat	,826,24,1673,540
509. neymar-a16b.jpg,1144,546,hat	,393,1,633,124
677. tmg-article_default_mobile;jpeg_quality=20.jpg.jpg,480,325,hat	,120,30,247,104
677. tmg-article_default_mobile;jpeg_quality=20.jpg.jpg,480,325,hat	,285,1,392,64
779. gettyimages-1137279493-e1553164261165.jpg,610,343,hat	,138,1,441,148
269. screen_shot_2016-04-08_at_10.30.06_am_hvs263.jpg,680,440,hat,213,9,512,232
415. pickleball-2019.jpg,775,525,hat	,245,17,427,126
476. c91749ea-be8b-4af4-8402-f2e3478c513d.jpg,600,315,hat,109,1,399,155
260. naomi+campbell+naomi+campbell+wearing+elect+5kfd4nseltjl.jpg,444,594,hat,74,57,313,176
146. bruce-forsyth_gang_3313161b.jpg,620,387,hat	,260,28,467,134
159. people-women-model-portrait-blonde-shorts-jean-shorts-fashion-baseball-caps-alena-emelyanova-spring-twins-clothing-alla-emelyanova-day-girl-beauty-season-photo-shoot-110959.jpg,2048,1365,hat	,631,218,1027,426
159. people-women-model-portrait-blonde-shorts-jean-shorts-fashion-baseball-caps-alena-emelyanova-spring-twins-clothing-alla-emelyanova-day-girl-beauty-season-photo-shoot-110959.jpg,2048,1365,hat	,1078,186,1438,412
508. queer-eye-trump-supporting-episode.jpg,750,422,hat	,111,1,348,120
456. 105387814-1533839024810tigerwoodscelebrates.1910x1000.jpg,1910,1000,hat	,1095,166,1282,295
596. dsc08983s_960x.jpg,960,1200,hat	,393,101,591,254
679. 4e4ed0ef17729a39fa6a4ed4032c3541.jpg,385,593,hat	,51,81,186,155
679. 4e4ed0ef17729a39fa6a4ed4032c3541.jpg,385,593,hat	,224,24,344,101
321. man-in-stained-shirt-wearing-baseball-cap.jpg,561,471,hat,203,65,307,132
545. 2e6396e300000578-0-image-a-82_1447409961081.jpg,634,951,hat,344,56,460,146
545. 2e6396e300000578-0-image-a-82_1447409961081.jpg,634,951,hat,188,103,292,185
418. 11246646-6830831-image-m-22_1553116868719.jpg,634,718,hat,195,3,385,67
562. 52948783_126914311774377_8519199015163407095_n-e1553085945643.jpg,785,582,hat,1,5,199,128
588. 58scoita17.jpg,1200,703,hat	,508,22,662,120
49. young-handsome-man-wearing-baseball-cap-stock-photograph__k58210759.jpg,166,169,hat	,44,1,120,42
573. ckkoetgw0aajkqv___gallery.jpg,639,360,hat	,201,3,430,125
259. a-n-8736-gmc-1901a-new-raglin-chro-18f-1.1-700x400.jpg,700,400,hat	,135,11,527,193
12. ymc-cord_baseball_cap-2_2048x2048.jpg,1638,2048,hat	,302,157,1492,751
400. 00119f96-1600.jpg,1600,901,hat	,756,2,1248,293
301. 1053482304.jpg,1200,870,hat	,263,27,709,250
309. kennedy-homage1.jpg,780,585,hat	,467,8,776,190
299. domrgoavsaalsap.jpg,1200,1200,hat,174,145,709,468
10. head-and-shoulder-studio-portrait-of-bearded-young-man-wearing-and-picture-id585286309?s=612x612.jpg,459,612,hat	,96,55,335,186
530. maxresdefault.jpg,1280,720,hat	,449,191,547,261
530. maxresdefault.jpg,1280,720,hat	,571,173,640,216
530. maxresdefault.jpg,1280,720,hat	,691,189,806,260
530. maxresdefault.jpg,1280,720,hat	,799,169,886,228
165. teen-girl-wearing-baseball-hat-isolated-30695371.jpg,1300,958,hat,591,3,1042,215
141. dom-moore.jpg,850,500,hat,46,5,472,204
232. hat_navy_full_942.jpg,942,942,hat	,151,52,761,847
270. 7c1894ad-a064-4de2-99b0-59f8ef5d9b44_3e0aa76b-de33-46a0-ae38-bd05bacbbd2b_1024x1024.jpg,1024,683,hat	,635,124,745,182
270. 7c1894ad-a064-4de2-99b0-59f8ef5d9b44_3e0aa76b-de33-46a0-ae38-bd05bacbbd2b_1024x1024.jpg,1024,683,hat	,430,231,531,319
270. 7c1894ad-a064-4de2-99b0-59f8ef5d9b44_3e0aa76b-de33-46a0-ae38-bd05bacbbd2b_1024x1024.jpg,1024,683,hat	,201,187,344,262
101. 7e7631d8e4411a052ad783211e468973.jpg,395,594,hat,124,18,278,130
180. actressrapper-queen-latifah-wearing-yankees-cap-at-scream-2-premiere-picture-id92933043.jpg,685,1024,hat,111,107,554,351
84. nep4124594.jpg,2048,1365,hat,528,7,1699,518
413. 160127164121-donald-trump-aug-rally-large-169.jpg,460,259,hat	,67,138,155,183
413. 160127164121-donald-trump-aug-rally-large-169.jpg,460,259,hat	,259,141,304,183
413. 160127164121-donald-trump-aug-rally-large-169.jpg,460,259,hat	,1,154,31,190
362. nra-black-people.jpg,1280,720,hat	,449,6,729,181
400. 42700073_10156870741576654_2630557152565002240_n.jpg,640,640,hat	,78,2,411,177
67. maxresdefault.jpg,1280,720,hat	,391,75,729,258
332. rihanna-style-baseball-cap-24.jpg,736,1104,hat,341,102,465,199
90. man-wearing-baseball-cap-540x720.jpg,540,720,hat,135,100,425,295
175. ?format=1000w.jpg,1000,729,hat	,191,3,841,729
620. grant-gelt.jpg,669,446,hat	,52,1,259,119
620. grant-gelt.jpg,669,446,hat	,390,3,527,71
142. facts+hat+31.jpg,720,960,hat	,132,222,391,484
142. facts+hat+31.jpg,720,960,hat	,357,122,704,322
119. jonathan_sparks_c20-0-879-501_s885x516.jpg,885,516,hat	,409,40,587,144
350. 500_f_233071683_baj4qr256y9rcas3hczqkx1uvvadm1yn.jpg,500,470,hat,173,29,320,119
11. ti-wearing-a-clevland-cavaliers-cap-and-kobe-bryant-lower-merion-basketball-gx7xdh.jpg,866,1390,hat,273,127,516,294
202. 0b151545-c769-4517-9c05-78f2ef042739-usatsi_11152154.jpg,2950,1680,hat	,1037,129,1735,494
451. 1553054083305.jpg,710,400,hat	,243,1,479,126
307. image.jpg,620,330,hat	,198,29,362,122
660. 500.jpg,500,300,hat	,183,3,301,69
339. swil-3-copy-920x584.jpg,920,584,hat	,313,52,524,176
792. rk2447_ad0_20.jpg,460,460,hat	,106,1,247,106
222. img_2600_2048x.jpg,2047,1365,hat	,679,260,930,453
222. img_2600_2048x.jpg,2047,1365,hat	,972,249,1265,435
650. 00576ef5ce6d7c191016fa71ff7346e8.jpg,400,711,hat	,149,37,263,124
48. 56992d2ee6183efa428b6e4a-750-563.jpg,750,563,hat	,407,2,750,234
281. mature-man-wearing-baseball-cap-picture-id475141483.jpg,820,1024,hat,248,15,723,226
519. p06d1kgj.jpg,720,405,hat	,350,9,548,126
73. real-people-smiling-caucasian-little-boy-baseball-cap-head-shoulders-picture-id166377063.jpg,598,388,hat	,181,1,518,188
331. main-qimg-c91a98f876de49da1847dced9583ff0d.jpg,600,793,hat,269,17,345,74
292. fran.jpg,640,360,hat	,200,4,408,111
283. 2017_08_05_gq_chancesignermatt_0340.jpg,6720,2625,hat	,3233,14,5133,583
514. b55d8c1da54661cae3b802f94cb1978a.jpg,400,400,hat	,108,12,288,111
418. baseball_cap_f5b2f71e-8188-42a9-9de6-6f9d79c3389b_1024x1024.jpg,1024,640,hat	,132,146,265,217
418. baseball_cap_f5b2f71e-8188-42a9-9de6-6f9d79c3389b_1024x1024.jpg,1024,640,hat	,802,114,908,227
395. offset_763638.jpg,650,433,hat,303,17,431,80
315. fasdlive%202%20057.jpg,2000,1333,hat,788,72,1494,713
72. 2017-03-14%2bsilver%2blondoner%2bx001.jpg,800,1199,hat	,308,53,484,160
487. disagreement-with-referee-640x360.jpg,640,360,hat	,285,14,417,88
653. maxresdefault.jpg,1280,720,hat	,239,1,491,134
653. maxresdefault.jpg,1280,720,hat	,837,1,1081,159
156. matt-damon-wearing-baseball-cap-pictures-la.jpg,1200,630,hat,442,55,693,174
19. older-man-in-baseball-cap-stock-photography__1800741.jpg,450,319,hat	,102,9,242,75
601. how-to-wear-snapbacks-with-bangs-333x500.jpg,333,500,hat	,163,61,237,113
246. gettyimages-1042182650-e1549065071609.jpg,610,343,hat	,242,10,369,75
366. 04-10-brodyblue.jpg,720,480,hat,297,108,442,206
14. d145_148_845_1200.jpg,800,1200,hat,112,89,690,499
53. article-1244725-07ed49c9000005dc-877_468x384.jpg,468,384,hat,32,1,163,74
504. 105387819-1533839143772tigerwoodsoftheunitedstates.jpg,2000,1333,hat	,375,91,1215,467
255. 7d5b9760-5b29-0134-181f-060e3e89e053.jpg,646,969,hat	,269,83,397,157
353. download.jpg,2048,2048,hat	,92,252,961,704
353. download.jpg,2048,2048,hat	,1298,173,2029,649
5. kc6518bgdind_2674.jpg,600,800,hat	,126,13,476,230
227. kisspng-kim-taehyung-bts-baseball-cap-k-pop-fullcap-bts-5ac05f4caf0af5.971552111522556748717.jpg,260,400,hat	,82,34,195,80
131. sku-105622-baseball-cap-us-air-force-_1_grande.jpg,600,600,hat	,24,3,307,187
785. tiger-woods-5.jpg,669,1004,hat	,129,13,272,111
785. tiger-woods-5.jpg,669,1004,hat	,321,145,476,249
412. 500_f_113198750_gay6rrtnasrskljfj7yktrua1zjzx373.jpg,500,334,hat,93,1,306,100
733. patrick2.jpg,1000,640,hat	,339,24,624,173
547. tommy-lasorda-9542214-1-402.jpg,620,775,hat	,82,1,620,283
49. tg-sidney-crosby_large.jpg,800,535,hat,239,12,626,224
386. original-26298-1461003032-3.jpg,700,474,hat,245,52,442,172
128. baseball-player-with-gray-cap-379x200.jpg,379,200,hat,77,6,266,92
152. young-caucasian-boy-wearing-baseball-cap-picture_csp2539527.jpg,298,470,hat,55,14,218,139
107. black-suede-baseball-cap-original-52789.jpg,621,900,hat,147,4,475,204
493. p-im-going-to-proudly-make-people-uncomfortable-when-i-walk-into-a-room-lena-waithe.jpg,1280,720,hat	,483,49,883,219
114. mark-maidment-gee13-1260x800.jpg,1260,800,hat,606,374,841,525
788. 220px-1953_bowman_yogi_berra.jpg,220,332,hat	,27,20,103,61
134. ph_williams_index.jpg,255,310,hat	,39,8,212,116
373. janet-jackson-went-more-casual-vibe-1994-wearing-baseball.jpg,679,1024,hat,197,6,484,225
173. 181121_gma_faris2_0748_hpmain_16x9_992.jpg,992,558,hat,169,3,382,74
269. rihanna-and-pete-1.jpg,618,410,hat	,117,1,178,62
269. rihanna-and-pete-1.jpg,618,410,hat	,418,2,471,46
422. 161022221652-02-national-league-baseball-championship-1022-super-169.jpg,1100,619,hat	,513,14,766,132
284. 968f4aa430bb82cb8e729b8cc7197dfe.jpg,500,700,hat,63,21,433,251
160. gettyimages-663906346.jpg,3000,2000,hat	,877,116,2438,839
413. ap_18284625766631_c0-70-3644-2194_s885x516.jpg,885,516,hat	,100,1,514,260
472. chris.jpg,790,395,hat	,338,6,498,114
135. gettyimages-1131411630-e1551817089981.jpg,640,361,hat	,178,5,455,160
531. disabilityemployment-cm-041918-ph1.jpg,775,500,hat	,346,40,450,105
147. mickey_mantle.0.jpg,1400,788,hat	,339,187,843,410
395. pete-rose-425_original.jpg,425,334,hat	,34,9,146,86
22. 572ce2b791058423008c144a-750-563.jpg,750,563,hat,470,30,662,159
345. ap_18192834912118.jpg,652,367,hat	,303,7,388,75
"506. bt17_web_casual_wear_marquee_16x9?$responsive-pjpg$&cache=on,on&wid=1920.jpg",1920,1080,hat,726,194,1067,525
225. man-wearing-baseball-cap-with-suit-e1472720812915.jpg,738,675,hat,167,5,408,127
236. original-29159-1461175486-3.jpg,700,934,hat,265,76,422,176
373. rsz_3rsz_img_3931_600x600.jpg,600,400,hat	,310,10,471,117
261. 393b85d441a192ddac753107f6a3_gallery.jpg,640,354,hat,224,6,378,108
60. portrait-smiling-man-wearing-baseball-cap-looking-away-on-sunny-road-picture-id713776197?s=612x612.jpg,436,210,hat	,156,38,370,134
300. kristen-stewart-was-wearing-a-baseball-cap-belonging-to-her-estranged-boyfriend-robert-pattinson-as-she-jetted-out-of-toronto.jpg,900,450,hat,122,12,266,84
300. kristen-stewart-was-wearing-a-baseball-cap-belonging-to-her-estranged-boyfriend-robert-pattinson-as-she-jetted-out-of-toronto.jpg,900,450,hat,423,4,521,56
300. kristen-stewart-was-wearing-a-baseball-cap-belonging-to-her-estranged-boyfriend-robert-pattinson-as-she-jetted-out-of-toronto.jpg,900,450,hat,661,10,833,81
465. 051817-sports-people-react-to-lavar-ball-s-comments-to-female-reporter.jpg,1200,600,hat	,425,25,758,226
40. img_7036_1875x.jpg,1875,2500,hat,277,178,1357,728
203. large_thumb_15881.jpg,406,305,hat,136,13,258,127
123. axpthsffzre47mr4vcmp6i6o5q.jpg,3000,2126,hat	,1477,291,2366,822
424. osf-apparel-man-women-portland-1-1200x664.jpg,1200,664,hat	,258,105,465,218
53. greg-brown.jpg,620,349,hat,265,3,464,117
201. hannah.jpg,750,750,hat	,73,66,630,378
521. walk-shirt-e1552505851849.jpg,1728,1368,hat	,344,306,651,484
326. brady-arians.jpg,628,353,hat,33,7,161,96
570. johnny_damon_on_june_28%2c_2012.jpg,1600,1067,hat	,705,57,1061,253
52. aid172122-v4-728px-break-in-a-baseball-cap-step-1.jpg,728,546,hat,128,50,592,285
732. 5b71deece199f32c008b50ba-1536-768.jpg,1536,768,hat	,860,15,1296,227
732. 5b71deece199f32c008b50ba-1536-768.jpg,1536,768,hat	,185,306,655,535
593. stylish-young-man-with-a-baseball-cap-in-a-gray-tshirt-posing-in-the-picture-id668392080?k=6&m=668392080&s=612x612&w=0&h=donmerrhmcfwrtp54_jjnr32rooifllioldh_-8gqnm=.jpg,408,612,hat	,105,48,240,143
199. cc6c6caca025d2455a7be636a4aacc2e--baseball-hat-hair-softball-hair.jpg,236,169,hat,52,5,211,78
275. cfa2c532fe0bb7f4_gettyimages-634827292.jpg,2048,1497,hat,674,100,1142,400
556. 452101470.jpg,1100,618,hat	,132,2,607,260
444. ichiro-suzuki-2005-mariners-getty.jpg,594,396,hat	,241,1,457,93
133. huihki.jpg,1710,900,hat,198,7,682,330
513. baseball-cap.jpg,800,532,hat	,524,50,691,129
566. a5f0e838a81d01720539a8edf85ae7ab8f100937.jpg,704,396,hat	,199,46,340,129
303. 10.jpg,904,480,hat,198,1,484,141
385. caps.jpg,1200,630,hat,488,37,690,207
196. 11983659.jpg,1000,750,hat,350,52,609,221
513. bringingpeopleclosertogether_articleheader_v3.jpg,722,408,hat	,171,10,368,163
99. smiling-man-in-cap-standing-outside-building-picture-id171316905?s=612x612.jpg,233,337,hat	,51,3,146,73
425. 0*ubrdm0myl7qrwz4q.jpg,1600,1066,hat	,459,290,1102,828
562. people-who-do-nothing.jpg,1000,563,hat	,268,118,387,210
562. people-who-do-nothing.jpg,1000,563,hat	,439,57,544,124
562. people-who-do-nothing.jpg,1000,563,hat	,547,6,651,94
315. img_0052.jpg,379,637,hat,59,24,282,149
512. r245419_576x324_16-9.jpg,576,324,hat	,191,1,361,103
307. 16b7ae773aac46fb7b36e2d2eb6b12bfbfcfd247.jpg,1200,630,hat	,443,11,730,150
510. 6e3fyfbvpjif9ty2x7r--40hitf4ebwshquqxucwfbnu9gjmgglgpjp8imnp9_zdo361c-b_xxuu9mia4ffjgks=s750.jpg,659,386,hat	,209,1,286,46
510. 6e3fyfbvpjif9ty2x7r--40hitf4ebwshquqxucwfbnu9gjmgglgpjp8imnp9_zdo361c-b_xxuu9mia4ffjgks=s750.jpg,659,386,hat	,384,12,452,54
376. facts+hat+31.jpg,720,960,hat	,149,230,387,489
376. facts+hat+31.jpg,720,960,hat	,343,125,705,328
94. 58914155-funky-people-concept-young-woman-with-chewing-gum-bubble-gum-is-in-the-silver-paper-girl-is-wearing-.jpg,1300,928,hat	,509,4,1093,360
439. 64687646.jpg,1024,576,hat	,394,1,743,181
538. don-coyhis-2018.jpg,640,428,hat	,192,30,401,168
152. uvshield-cool-sleeves-hand-cover-white-female-ss19-2000px_v2.jpg,2000,2000,hat	,591,285,1512,821
22. wen-wenn24808544.jpg,699,1049,hat,249,116,406,189
70. sku-106982-army-cap-dsc_0572_93be95d0-4c8a-40ba-aeb5-1c70193db39d_grande.jpg,600,600,hat	,153,84,474,282
170. a001444a70_how-to-wear-a-baseball-cap-fa-w352.jpg,352,528,hat,179,48,246,92
356. 090315ballpeople1_960x540.jpg,960,540,hat	,266,44,543,163
125. kinshipcap2_2000x.jpg,1024,1536,hat	,32,315,962,1317
653. usatsi_8673042.jpg,768,432,hat	,255,2,466,93
209. chetsteadman_display_image.jpg,282,400,hat	,19,28,150,107
313. man-smiling-and-wearing-baseball-hat-xbajdk.jpg,866,1390,hat,294,40,596,223
132. babseball-hat-streetstyle.jpg,469,656,hat	,170,11,317,90
108. haguevgk.jpg,640,400,hat,166,4,415,107
498. guy-hat-glasses.jpg,630,420,hat	,55,1,454,132
620. image?url=https%3a%2f%2fpeopledotcom.files.wordpress.com%2f2019%2f03%2fgettyimages-855357444.jpg%3fw%3d2000&w=450&c=sc&poi=face&q=85.jpg,450,300,hat	,171,3,289,81
254. david-beckham_2.jpg,884,920,hat	,362,14,483,83
479. mw-fr621_homele_20170803123902_zh.jpg,890,501,hat	,629,1,748,66
117. beto%20hat%20lebron%20james_1540682273739.jpg_13153706_ver1.0_1280_720.jpg.jpg,1280,720,hat,581,4,703,99
117. beto%20hat%20lebron%20james_1540682273739.jpg_13153706_ver1.0_1280_720.jpg.jpg,1280,720,hat,883,121,1170,385
333. 12-karamo-brown-ledelede.w700.h700.jpg,700,700,hat	,230,176,451,349
333. 12-karamo-brown-ledelede.w700.h700.jpg,700,700,hat	,449,270,581,413
333. 12-karamo-brown-ledelede.w700.h700.jpg,700,700,hat	,252,1,386,110
76. img_0879_1024x1024.jpg,1024,1024,hat	,147,49,809,841
442. hsrl4whoxfmugd8stujc6pkxupd6j52dpl42hnwxnspmr0vte860jtqvouji9m0h-.jpg,910,1437,hat	,352,404,578,550
207. 1601h1-black-4.jpg,900,877,hat,199,87,627,369
481. wwf181_2000x1331.jpg,1000,666,hat	,110,82,440,240
372. young-man-with-long-curly-hair-in-a-baseball-cap-picture-id905300138?k=6&m=905300138&s=612x612&w=0&h=4knouve_fkz7ic9j5tcvf51pylb78te9yu7hkiokeds=.jpg,612,380,hat	,181,2,415,98
737. joseph-gordon-levitt.jpg,612,380,hat	,63,14,225,126
121. kids-hats-mega-menu.jpg,270,284,hat	,72,1,175,57
425. mij-l-murder-1206.jpg,560,485,hat	,137,1,418,161
288. 1425585header.jpg,400,267,hat,164,4,269,58
342. 01-baseball-tobacco.w330.h330.jpg,330,330,hat	,68,14,300,122
32. cp80.jpg,300,314,hat	,13,16,253,147
119. celebrities-wearing-baseball-cap-trend.jpg,745,1024,hat,311,33,437,115
428. ar-303199647.jpg&maxw=576&imageversion=rotator.jpg,576,324,hat	,85,1,421,126
46. a-urban-man-wearing-baseball-cap-over-stock-photography_csp25485706.jpg,450,320,hat,128,2,368,98
65. il_794xn.1491335813_ef5v.jpg,794,1058,hat	,30,98,794,687
3. baseball_cap_01.jpg,1600,1000,hat,604,15,1065,422
90. mark_hager_head_coach_gb__england_womens_hockey_jan_2019.jpg,1000,656,hat,281,2,824,267
275. image?url=https%3a%2f%2fpeopledotcom.files.wordpress.com%2f2016%2f07%2fbaseball-hair-600x450.jpg%3fw%3d600&w=450&c=sc&poi=face&q=85.jpg,450,338,hat	,59,59,155,109
275. image?url=https%3a%2f%2fpeopledotcom.files.wordpress.com%2f2016%2f07%2fbaseball-hair-600x450.jpg%3fw%3d600&w=450&c=sc&poi=face&q=85.jpg,450,338,hat	,273,10,382,62
497. bryce-harper-in-cowboys-hat-sugelover.jpg,598,337,hat	,307,15,403,72
615. image_39302a35-563a-41be-9e43-9651c85cf1d0.jpg,799,1200,hat	,216,202,575,521
23. d-hats-d copy.jpg,322,686,hat	,21,14,193,140
77. dnvrlwpwaaevggw.jpg,900,1200,hat,268,18,465,130
77. dnvrlwpwaaevggw.jpg,900,1200,hat,459,249,603,360
689. bl4iqrlcyain3m6.jpg,600,600,hat	,160,16,391,176
141. biagini-640x360.jpg,640,360,hat,383,39,501,133
141. biagini-640x360.jpg,640,360,hat,39,11,242,124
48. romo-hat-backward.jpg,641,533,hat,149,16,498,202
485. 104581753-makeit_07122017_richard_reeves_middle_class_myth_mezz.940x528.jpg,940,528,hat	,480,2,685,131
120. isbasebhat_1024x1024.jpg,700,700,hat	,165,47,534,217
439. janet-jackson-went-more-casual-vibe-1994-wearing-baseball.jpg,1200,630,hat,515,7,688,136
273. cut.jpg,770,308,hat	,409,2,533,94
587. web_id_dilemma_848x480_1270938691773.jpg,371,210,hat	,119,3,231,67
78. how-to-wear-a-baseball-cap-via-@maeamor-6.jpg,650,1031,hat,168,153,368,269
352. missing1.jpg&w=840&h=831.jpg,840,831,hat	,166,17,588,277
155. 1e1b1d4c.jpg,790,395,hat,332,4,610,172
581. image?url=https%3a%2f%2fpeopledotcom.files.wordpress.com%2f2018%2f09%2fmaga-kanye.jpg%3fw%3d2000&w=450&c=sc&poi=face&q=85.jpg,450,300,hat	,161,17,283,85
563. people.jpg,415,226,hat	,51,6,184,77
563. people.jpg,415,226,hat	,225,9,369,99
4. article-2219471-158eeaa4000005dc-399_306x439.jpg,306,439,hat,83,25,210,99
97. 294v62_89_p1.jpg,232,290,hat	,31,13,212,115
97. 05485_baseballcap_cp_med.jpg,279,290,hat	,50,8,254,115
195. 2016_election_obama-a8ab6-4715.jpg,960,813,hat,323,19,528,90
518. 5208385_032019-ktrk-storyful-maga-hat-vigil-img.jpg,1280,720,hat	,253,44,416,136
518. 5208385_032019-ktrk-storyful-maga-hat-vigil-img.jpg,1280,720,hat	,780,14,1106,180
713. mrbefmahbwha5syp5eyj.jpg,471,633,hat	,116,60,224,121
713. mrbefmahbwha5syp5eyj.jpg,471,633,hat	,259,40,340,89
269. chris-pratt-elephant-big-hats.jpg,293,281,hat	,21,4,116,84
281. photo-1484971606062-44a19b71808c?ixlib=rb-1.2.1&ixid=eyjhchbfawqiojeymdd9&w=1000&q=80.jpg,1000,667,hat	,439,222,568,300
363. 0.jpg,480,360,hat,40,47,222,145
555. blank-white-baseball-cap-mockup-template-wear-women-head-woman-isolated-profile-woman-clear-hat-t-shirt-uniform-mock-up-72698073.jpg,1300,1130,hat,310,241,915,557
171. 1c626b02e0cc8fd7eb6968aa2a931c62.jpg,1088,1584,hat	,290,335,947,604
606. billy-martin-41055-1-raw.jpg,810,1200,hat	,178,65,673,331
36. getty_rm_photo_of_man_wearing_cap_on_beach.jpg,493,335,hat	,96,1,298,87
231. baseball-cap-201811-010.jpg,720,480,hat	,278,28,455,125
419. fashion-little-girl-child-wearing-baseball-cap-backpack-fashion-little-girl-child-wearing-baseball-cap-backpack-95588199.jpg,1168,1300,hat,371,131,588,254
354. 041108_grace_300x400.jpg,300,400,hat	,119,6,183,53
233. leonardo-dicaprio-fau-cap.jpg,613,612,hat,184,65,365,185
599. 11246678-6830831-image-m-25_1553116898473.jpg,306,437,hat,112,2,220,62
183. bronny-lebron.jpg,1000,600,hat,78,31,472,217
"110. mv5bowjiowzlmjetymjlms00otqwltg2zdytyjcwmdq0nte4mjqxxkeyxkfqcgdeqxvynzu1nze3ntg@._v1_cr0,45,480,270_al_ux477_cr0,0,477,268_al_.jpg",477,268,hat	,177,40,336,138
366. dsc_0251.jpg,3057,3217,hat	,765,398,1974,990
85. burstupdates-wearing-trump-hat.jpg,594,391,hat	,122,8,280,107
621. amrkd.jpg,600,381,hat	,343,20,534,154
379. la-sp-dn-20-greatest-dodgers-duke-snider-20150-001.jpg,2048,1843,hat	,657,31,1316,384
32. 71vguade5xl._ux679_.jpg,679,679,hat	,27,25,664,662
277. fred-durst.jpg,480,700,hat	,225,73,363,199
191. blm-hat-00.jpg,1280,720,hat	,110,5,524,297
191. blm-hat-00.jpg,1280,720,hat	,665,36,1270,579
223. 220px-boggs.jpg,220,361,hat	,91,7,169,55
570. cut.jpg,770,308,hat	,524,1,685,98
176. man-baseball-hat-glasses-800x600.jpg,800,600,hat,128,28,283,96
478. cary_gallant2.jpg,480,480,hat	,233,33,421,179
480. mature-man-wearing-baseball-cap-profile-closeup-picture-id10191848.jpg,938,1024,hat,292,199,897,541
61. portrait-of-boy-wearing-baseball-cap-picture__x12109057.jpg,450,470,hat,17,20,328,195
365. p1050589-1024x768.jpg,1024,768,hat	,178,101,567,375
98. 9aad443f46d9b8f4fa771ec45f39_gallery.jpg,534,359,hat,86,14,238,126
231. ron.jpg,328,250,hat,55,1,231,86
298. focused_163444590-stock-photo-bearded-man-wearing-baseball-cap.jpg,495,650,hat,317,78,459,156
384. foxhats-productshots-1-web_2048x2048.jpg,1501,1501,hat	,327,68,1180,603
498. white-supremacy-ali.jpg,1600,1124,hat	,788,131,1062,299
498. white-supremacy-ali.jpg,1600,1124,hat	,1081,379,1201,452
498. white-supremacy-ali.jpg,1600,1124,hat	,1285,441,1416,531
498. white-supremacy-ali.jpg,1600,1124,hat	,7,3,452,141
46. 59785683-equipment-digital-devices-and-people-concept-young-woman-using-cell-phone-lady-is-wearing-cap-and-ye.jpg,866,1300,hat	,181,45,560,294
589. 240_f_182841594_jsaagxcuzg8sqi1rxw4gnekab8qfmaww.jpg,360,240,hat	,169,15,250,60
463. pride.jpg,2048,1538,hat	,730,130,1512,644
370. brian+austin+green+wife+megan+fox+keep+their+_glbfswwkzrl.jpg,396,594,hat,150,12,324,148
69. depositphotos_76124297-stock-photo-delivery-man-wearing-cap.jpg,300,450,hat,107,57,178,97
66. js-wear-cap-02-600x600.jpg,600,600,hat,154,30,409,204
57. skater-style-men-street-styles.jpg,770,934,hat	,371,11,606,135
"206. mv5bzjvlodg0ngityjyzys00mmuzltlkmdatyjlhn2e4nznkowe3xkeyxkfqcgdeqxvynzu1nze3ntg@._v1_cr0,45,480,270_al_ux477_cr0,0,477,268_al_.jpg",477,268,hat	,76,1,184,47
671. beckham.jpg,819,1024,hat	,255,145,485,339
671. beckham.jpg,819,1024,hat	,454,62,804,311
684. monterey_wpc-registered-nursecase-manager-and-potential-wpc-enrollee-nt8b09byke8gjeb5fxboennu3zsfr25tvnly0i4re4.jpg,800,350,hat	,461,2,611,120
475. 649-08766491en_masterfile.jpg,300,450,hat,136,25,258,175
16. aid172122-v4-728px-break-in-a-baseball-cap-step-1.jpg,728,546,hat,124,75,573,288
262. climbers-cap-fuji-2-2-4341-w1170-h780-crop-flags1-v2.jpg,1170,780,hat	,285,87,573,283
295. cxx_yogi_1955_getty_12.jpg,2969,2056,hat	,1176,124,2263,682
257. 153cmkosp80jeh3y5q9inm39vdim0xnz-24_1024x1024.jpg,1024,1024,hat	,72,63,472,237
648. 130310235722_tiger_woods_miami_304x171_ap_nocredit.jpg,720,405,hat	,390,1,668,153
20. s-l300.jpg,300,196,hat	,38,3,274,157
